Taxa;Fish_FreshDiet;Fish_ConditionedDiet;Fish_AnteriorMidgut;Fish_MiddleMidgut;Fish_PosteriorMidgut;VegMix_FreshDiet;VegMix_ConditionedDiet;VegMix_AnteriorMidgut;VegMix_MiddleMidgut;VegMix_PosteriorMidgut;Standard_FreshDiet;Standard_ConditionedDiet;Standard_AnteriorMidgut;Standard_MiddleMidgut;Standard_PosteriorMidgut;;;;;;;;;;;;;
Others;0.000458333;0.001541667;0.000958333;0.000583333;0;0.043208333;0.004958333;0.000791667;0.000166667;0.000166667;0.001541667;0.002416667;0.001041667;0.000375;0.001041667;;;;;;;;;;;;;
"Acidobacteria;c__Acidobacteria";0;0;0;0;0;0.000166667;0.000583333;0;0;0;0;4.16666E-05;0;0.000166667;4.16666E-05;;;;;;;;;;;;;
"Acidobacteria;c__Chloracidobacteria";0;0;0;0;0;8.33334E-05;0.00025;0;0;4.16666E-05;0;0;0;0.000208333;0;;;;;;;;;;;;;
"Acidobacteria;c__Solibacteres;f__Solibacteraceae;g__CandidatusSolibacter";4.16666E-05;0;0;0;0;0;0;0;4.16666E-05;0;0;0;0;0;0;;;;;;;;;;;;;
"Actinobacteria;c__Actinobacteria";0.000375;0;0;0;4.16666E-05;0.000166667;0.00125;0;0.000875;0.001041667;0.002291667;0.002708333;0.001166667;0.000625;0.000791666;;;;;;;;;;;;;
"Actinobacteria;c__Actinobacteria;f__AKIW874";0;0;0;0;0;0.000166667;4.16666E-05;0;0;0;0;0;0;0;0;;;;;;;;;;;;;
"Actinobacteria;c__Actinobacteria;f__Actinomycetaceae";0;0;0;0;4.16666E-05;4.16666E-05;0.001041667;0;0;0.000791667;0.001625;8.33332E-05;0;4.16666E-05;0.00275;;;;;;;;;;;;;
"Actinobacteria;c__Actinobacteria;f__Actinomycetaceae;g__Actinomyces";0.000666667;0;0;0;0;0.00075;0.000208333;8.33332E-05;0.000416667;0.018708333;0.004333333;0.000291667;4.16666E-05;0.000541667;0.018083333;;;;;;;;;;;;;
"Actinobacteria;c__Actinobacteria;f__Beutenbergiaceae";0;0;0;0;0;0;0;0;0;0;0;4.16666E-05;0;0;0.000166667;;;;;;;;;;;;;
"Actinobacteria;c__Actinobacteria;f__Bifidobacteriaceae";0;0;0;0;0;0.003791667;0;0;0;0;0.000958333;0;0;8.33332E-05;0.000291667;;;;;;;;;;;;;
"Actinobacteria;c__Actinobacteria;f__Bifidobacteriaceae;g__Bifidobacterium";0.000166667;0;0;0;0;8.33334E-05;0.014791667;0;4.16666E-05;0.000125;0.001;0.000166667;0;8.33334E-05;4.16666E-05;;;;;;;;;;;;;
"Actinobacteria;c__Actinobacteria;f__Bogoriellaceae;g__Georgenia";0;0;0;0;0;0;4.16666E-05;0;0;0;0;0;0;0;0;;;;;;;;;;;;;
"Actinobacteria;c__Actinobacteria;f__Brevibacteriaceae;g__Brevibacterium";0;0;0;0;0;0;0;0;4.16666E-05;0.000125;4.16666E-05;0;0;8.33332E-05;0.000125;;;;;;;;;;;;;
"Actinobacteria;c__Actinobacteria;f__CL500-29";0;0;0;0;0;0;0.001125;0;0;0;0;0;0;0;0;;;;;;;;;;;;;
"Actinobacteria;c__Actinobacteria;f__Cellulomonadaceae";4.16666E-05;0;0;0;0;0;4.16666E-05;4.16666E-05;0.012583334;4.16666E-05;4.16666E-05;0.000166667;0.000208333;0.024916666;0;;;;;;;;;;;;;
"Actinobacteria;c__Actinobacteria;f__Cellulomonadaceae;g__Cellulomonas";0;0;0;0;0;0;0;0;4.16666E-05;8.33334E-05;4.16666E-05;0;0;0.00025;0;;;;;;;;;;;;;
"Actinobacteria;c__Actinobacteria;f__Cellulomonadaceae;g__Oerskovia";0;0;0;0;0;0;0;0;0;0;0;0.000125;4.16666E-05;4.16666E-05;0;;;;;;;;;;;;;
"Actinobacteria;c__Actinobacteria;f__Coriobacteriaceae";0.000125;0;0;0;0;0;0;0;0;0;0;0;0;0;0;;;;;;;;;;;;;
"Actinobacteria;c__Actinobacteria;f__Coriobacteriaceae;g__Atopobium";0.007333333;0;0;0;0;0.000166667;0;0;0;0;0;0;0;0;0;;;;;;;;;;;;;
"Actinobacteria;c__Actinobacteria;f__Coriobacteriaceae;g__Collinsella";0;0;0;0;0;0;0.000958333;0;0;0;0;0;0;0;0;;;;;;;;;;;;;
"Actinobacteria;c__Actinobacteria;f__Coriobacteriaceae;g__Eggerthella";0.001958333;0;0;0;0;0;0.001041667;0;0;0;4.16666E-05;0;0;0;0;;;;;;;;;;;;;
"Actinobacteria;c__Actinobacteria;f__Coriobacteriaceae;g__Olsenella";8.33332E-05;0;0;0;0;0;0;0;0;0;0;0;0;0;0;;;;;;;;;;;;;
"Actinobacteria;c__Actinobacteria;f__Corynebacteriaceae";0.000166667;0;0;0;0;0.002125;0;0;0;0;0;0;0;0;8.33332E-05;;;;;;;;;;;;;
"Actinobacteria;c__Actinobacteria;f__Corynebacteriaceae;g__Corynebacterium";0.003666667;0.004666667;0.000666667;0.000833333;8.33334E-05;0.003666667;0.003916667;0.000125;0.000833333;0.003041667;0.003125;0.000458333;8.33332E-05;0.001833333;0.002791667;;;;;;;;;;;;;
"Actinobacteria;c__Actinobacteria;f__Dermabacteraceae;g__Brachybacterium";0.000166667;0;0;0;0;4.16666E-05;0.000666667;0;4.16666E-05;0.000208333;4.16666E-05;0;0;4.16666E-05;4.16666E-05;;;;;;;;;;;;;
"Actinobacteria;c__Actinobacteria;f__Dietziaceae";0;0;0;0;0;0;0;0;0;0;0;0;4.16666E-05;0;0;;;;;;;;;;;;;
"Actinobacteria;c__Actinobacteria;f__Dietziaceae;g__Dietzia";4.16666E-05;0;0;0;0;0.000708333;0;0;0;0.000458333;0;0;0;0;8.33334E-05;;;;;;;;;;;;;
"Actinobacteria;c__Actinobacteria;f__EB1017";0;0;0;0;0;0;0;0;8.33334E-05;0;0;0;0;0;0;;;;;;;;;;;;;
"Actinobacteria;c__Actinobacteria;f__Frankiaceae";0.000125;0;0;0;0;0;0.00075;0;0;0;0;0;0;0;0;;;;;;;;;;;;;
"Actinobacteria;c__Actinobacteria;f__Geodermatophilaceae";0.000291667;0;0;0;4.16666E-05;0.001625;0.000666666;0;0;0.000125;8.33332E-05;4.16666E-05;0;0;0;;;;;;;;;;;;;
"Actinobacteria;c__Actinobacteria;f__Geodermatophilaceae;g__Geodermatophilus";0;0;0;0;0;0;0.000375;0;0;0;0;0;4.16666E-05;0;0;;;;;;;;;;;;;
"Actinobacteria;c__Actinobacteria;f__Gordoniaceae;g__Gordonia";0.000125;0;0;0;0;0;0;4.16666E-05;0.000125;0.001125;0.00075;8.33332E-05;0;0;0.001458333;;;;;;;;;;;;;
"Actinobacteria;c__Actinobacteria;f__Intrasporangiaceae";0;0;0;0;0;4.16666E-05;0;0;0;0;0;0;0;0;0;;;;;;;;;;;;;
"Actinobacteria;c__Actinobacteria;f__Intrasporangiaceae;g__Phycicoccus";0;0;0;0;0;0;0.000166667;0;0;0;0;0;0;0;0;;;;;;;;;;;;;
"Actinobacteria;c__Actinobacteria;f__Jonesiaceae";4.16666E-05;0;0;0;0;0;0;0;0;0;0;0;0;0;0;;;;;;;;;;;;;
"Actinobacteria;c__Actinobacteria;f__Jonesiaceae;g__Jonesia";0;0;0;0;0;0;8.33334E-05;0;0;0;0;0;0;0;0;;;;;;;;;;;;;
"Actinobacteria;c__Actinobacteria;f__Kineosporiaceae";0.000125;0;0;0;0;8.33334E-05;0;0;0;0;0;0;0;0;0;;;;;;;;;;;;;
"Actinobacteria;c__Actinobacteria;f__Microbacteriaceae";4.16666E-05;4.16666E-05;0;0;0;0;0.008041667;0;4.16666E-05;4.16666E-05;8.33334E-05;0.000333333;4.16666E-05;8.33334E-05;4.16666E-05;;;;;;;;;;;;;
"Actinobacteria;c__Actinobacteria;f__Microbacteriaceae;g__Agromyces";0;0;0;0;0;0;0;0;0;8.33334E-05;8.33334E-05;0;0;0;0.000166667;;;;;;;;;;;;;
"Actinobacteria;c__Actinobacteria;f__Microbacteriaceae;g__Leucobacter";0.000166667;0;0;0;4.16666E-05;0.000125;0;0.000125;0.0005;0.000541667;0.00075;0.000541666;8.33334E-05;0.001;0.001083333;;;;;;;;;;;;;
"Actinobacteria;c__Actinobacteria;f__Microbacteriaceae;g__Microbacterium";8.33334E-05;4.16666E-05;0;4.16666E-05;0;0.000208333;4.16666E-05;4.16666E-05;4.16666E-05;0.000208333;0.000125;8.33334E-05;0;0.000375;0.000125;;;;;;;;;;;;;
"Actinobacteria;c__Actinobacteria;f__Micrococcaceae";8.33334E-05;0;0;0;0;0;0.000208333;0;0;0;8.33334E-05;4.16666E-05;0;0;0;;;;;;;;;;;;;
"Actinobacteria;c__Actinobacteria;f__Micrococcaceae;g__Arthrobacter";0.000291667;0.000125;0;0;0;0.000625;0.000125;0;0;0;0.001041667;8.33332E-05;0;0;0;;;;;;;;;;;;;
"Actinobacteria;c__Actinobacteria;f__Micrococcaceae;g__Citricoccus";0;0;0;0;0;0;0;0;0;4.16666E-05;0;0;0;0;0;;;;;;;;;;;;;
"Actinobacteria;c__Actinobacteria;f__Micrococcaceae;g__Kocuria";0.000666666;0;0;0;0;0.014791667;0.017333333;0;0.000125;0;0;0;0;0;4.16666E-05;;;;;;;;;;;;;
"Actinobacteria;c__Actinobacteria;f__Micrococcaceae;g__Micrococcus";0.000333333;0;0;0;0;0.000166667;0.000541667;4.16666E-05;0;8.33332E-05;0;0;0;0;0.000125;;;;;;;;;;;;;
"Actinobacteria;c__Actinobacteria;f__Micrococcaceae;g__Nesterenkonia";0;0;0;0;0;0;8.33334E-05;0;0;0;0;0;0;0;0;;;;;;;;;;;;;
"Actinobacteria;c__Actinobacteria;f__Micrococcaceae;g__Renibacterium";0.000291667;0;0;0;0;4.16666E-05;8.33334E-05;0;0;0;0;0;0;0;0;;;;;;;;;;;;;
"Actinobacteria;c__Actinobacteria;f__Micrococcaceae;g__Rothia";0.001291667;0;0;0;0;0.002541667;0.001041667;4.16666E-05;4.16666E-05;0.000416667;8.33332E-05;0;0.000166667;0.000291667;0.000375;;;;;;;;;;;;;
"Actinobacteria;c__Actinobacteria;f__Mycobacteriaceae;g__Mycobacterium";0.000208333;0;0;4.16666E-05;0;0.000125;0.006875;0;0;4.16666E-05;0;4.16666E-05;0;0.000125;0.000208333;;;;;;;;;;;;;
"Actinobacteria;c__Actinobacteria;f__Nakamurellaceae";8.33332E-05;0;0;0;0;0;0;0;0;0;0;0;0;0;0;;;;;;;;;;;;;
"Actinobacteria;c__Actinobacteria;f__Nocardiaceae;g__Nocardia";0;0;0;0;0;0.000125;0;0;0;0;0.000125;0;0;0;0;;;;;;;;;;;;;
"Actinobacteria;c__Actinobacteria;f__Nocardiaceae;g__Rhodococcus";4.16666E-05;0;0;0;0;4.16666E-05;0;0;0.000125;0.001291667;0.000416667;0.000458333;8.33332E-05;0;0.001291667;;;;;;;;;;;;;
"Actinobacteria;c__Actinobacteria;f__Nocardioidaceae";0.000125;0;0;0;0;4.16666E-05;0;0;0;8.33334E-05;0;0;0;0;0;;;;;;;;;;;;;
"Actinobacteria;c__Actinobacteria;f__Nocardioidaceae;g__Nocardioides";8.33334E-05;0;0;0;0;0.001041667;0.001458333;0;0;0;0;0;0;4.16666E-05;4.16666E-05;;;;;;;;;;;;;
"Actinobacteria;c__Actinobacteria;f__Nocardioidaceae;g__Pimelobacter";8.33334E-05;0;0;0;0;0;0;0;0;0;0;0;0;0;0;;;;;;;;;;;;;
"Actinobacteria;c__Actinobacteria;f__Nocardioidaceae;g__Propionicimonas";0;0;0;0;8.33334E-05;0;0;0;0;0;0;0;0;0;0;;;;;;;;;;;;;
"Actinobacteria;c__Actinobacteria;f__Promicromonosporaceae";0;0;0;0;0;0;0;0;8.33334E-05;0;0.000125;0.000208333;0;0;0;;;;;;;;;;;;;
"Actinobacteria;c__Actinobacteria;f__Promicromonosporaceae;g__Cellulosimicrobium";0;0;0;0;0;4.16666E-05;0;4.16666E-05;0.00125;0;0.000916667;0.002041667;0.001166667;0.000625;4.16666E-05;;;;;;;;;;;;;
"Actinobacteria;c__Actinobacteria;f__Propionibacteriaceae";8.33334E-05;0;0;0;0;0;0;0;0;0;0;0;0;0;0;;;;;;;;;;;;;
"Actinobacteria;c__Actinobacteria;f__Propionibacteriaceae;g__Microlunatus";0;0;0;0;0;0;0;0;0;4.16666E-05;0;0;0;0;0;;;;;;;;;;;;;
"Actinobacteria;c__Actinobacteria;f__Propionibacteriaceae;g__Propionibacterium";0.000125;0;0;0;0;0.002458333;0.003458333;4.16666E-05;4.16666E-05;0.000333333;8.33334E-05;0;0;0.000125;0.000333333;;;;;;;;;;;;;
"Actinobacteria;c__Actinobacteria;f__Pseudonocardiaceae";8.33334E-05;0;0;0;0;0;0;0;0;0;0;0;0;0;4.16666E-05;;;;;;;;;;;;;
"Actinobacteria;c__Actinobacteria;f__Pseudonocardiaceae;g__Pseudonocardia";0.000166667;0;0;4.16666E-05;0;0.000291667;0.000791667;0;0;0.001083333;0;0;0;0.000416667;0.000666667;;;;;;;;;;;;;
"Actinobacteria;c__Actinobacteria;f__Rarobacteraceae;g__Rarobacter";0;0;0;0;0;0;0;0;4.16666E-05;0;8.33332E-05;0.000125;0;0;0;;;;;;;;;;;;;
"Actinobacteria;c__Actinobacteria;f__Rubrobacteraceae;g__Rubrobacter";0;0;0;0;0;0;0;0;0;0;4.16666E-05;0;0;0;0;;;;;;;;;;;;;
"Actinobacteria;c__Actinobacteria;f__Sanguibacteraceae";0;0;0;0;0;0.002541667;0.001041667;0.000541667;0.03775;4.16666E-05;0.0035;0.04325;0.028916667;0.021583333;0.000166666;;;;;;;;;;;;;
"Actinobacteria;c__Actinobacteria;f__Solirubrobacteraceae";0;0;0;0;0;0.000125;0.000458333;0;0;4.16666E-05;4.16666E-05;0;0;0;4.16666E-05;;;;;;;;;;;;;
"Actinobacteria;c__Actinobacteria;f__Solirubrobacteraceae;g__Solirubrobacter";0;0;0;0;0;0;4.16666E-05;0;0;0;0;0;0;0;0;;;;;;;;;;;;;
"Actinobacteria;c__Actinobacteria;f__Streptomycetaceae;g__Streptomyces";4.16666E-05;0;0;0;0;4.16666E-05;0;0;0;0;4.16666E-05;0;0;0;0;;;;;;;;;;;;;
"Actinobacteria;c__Actinobacteria;f__Williamsiaceae;g__Williamsia";8.33334E-05;0;0;0;0;0;4.16666E-05;4.16666E-05;4.16666E-05;0;4.16666E-05;0;0;0.000166667;4.16666E-05;;;;;;;;;;;;;
"Actinobacteria;c__Actinobacteria;f__Yaniellaceae;g__Yaniella";4.16666E-05;4.16666E-05;0;0;0;0;0;0;0;0;0;0;0;0;0;;;;;;;;;;;;;
"Armatimonadetes;c__Armatimonadia;f__Armatimonadaceae";4.16666E-05;0;0;0;0;0;0;0;0;0;0;0;0;0;0;;;;;;;;;;;;;
"Armatimonadetes;c__CH21";0;0;0;0;0;4.16666E-05;0;0;0;0;0;0;0;0;0;;;;;;;;;;;;;
"Bacteroidetes;Other;Other;Other";0;0;0;0;0;0;0;0.001583333;0.000291667;0;0.00025;0.000625;0.0015;0.000375;0;;;;;;;;;;;;;
"Bacteroidetes;c__;f__;g__CandidatusCardinium";0;0;0;0;0;0;0.011833333;0;0;0;0;0;0;0;0;;;;;;;;;;;;;
"Bacteroidetes;c__Bacteroidia";0.000583333;0;0;0;0;0;0.000145833;0.012916667;0.001708334;0.000375;0.000729167;0.0005625;0.007020833;0.001375;0.000229167;;;;;;;;;;;;;
"Bacteroidetes;c__Bacteroidia;f__Bacteroidaceae;g__Bacteroides";0.002833333;4.16666E-05;8.33332E-05;0;0;0.0015;0.003833333;0.000125;0.024958333;0;0.027958333;0.033041667;0.035416667;0.0045;0.000333333;;;;;;;;;;;;;
"Bacteroidetes;c__Bacteroidia;f__Porphyromonadaceae";0.000375;0;0;0;0;0;0.000125;0.00275;0.000875;0.001291667;0.001;0.000541667;0.002708333;0.000708333;0.001708333;;;;;;;;;;;;;
"Bacteroidetes;c__Bacteroidia;f__Porphyromonadaceae;g__Dysgonomonas";0;0;0;4.16666E-05;4.16666E-05;0.001166667;0.0125;0.183666667;0.126375;0.492541667;0.073666667;0.024291667;0.1115;0.132333333;0.4055;;;;;;;;;;;;;
"Bacteroidetes;c__Bacteroidia;f__Porphyromonadaceae;g__Odoribacter";8.33334E-05;0;0;0;0;0;0;0;0;0;0;0;0;0;0;;;;;;;;;;;;;
"Bacteroidetes;c__Bacteroidia;f__Porphyromonadaceae;g__Parabacteroides";0;0;0;4.16666E-05;0;0;4.16666E-05;0.000125;0;4.16666E-05;0;4.16666E-05;0;0;4.16666E-05;;;;;;;;;;;;;
"Bacteroidetes;c__Bacteroidia;f__Porphyromonadaceae;g__Porphyromonas";0.000583333;0;0;0;0;8.33334E-05;0.000208333;0;0;4.16666E-05;0.000125;0;0;0.000125;0;;;;;;;;;;;;;
"Bacteroidetes;c__Bacteroidia;f__Prevotellaceae";0;0;0;0;0;0;0;0;0;0;0;4.16666E-05;0;0;0;;;;;;;;;;;;;
"Bacteroidetes;c__Bacteroidia;f__Prevotellaceae;g__Prevotella";0.00075;0;0;0;0;0.000666667;0.000125;0;0.000166667;0.00025;8.33332E-05;0;0;8.33334E-05;0.000125;;;;;;;;;;;;;
"Bacteroidetes;c__Bacteroidia;f__Rikenellaceae;g__Alistipes";0.000125;0;0;0;0;8.33332E-05;0;0;0;0;0;0;0;0;0;;;;;;;;;;;;;
"Bacteroidetes;c__Flavobacteria";0;0;0;0;0;0;0.000333333;4.16666E-05;0;0;0;0;8.33332E-05;0;0;;;;;;;;;;;;;
"Bacteroidetes;c__Flavobacteria;f__Flavobacteriaceae";0.000875;4.16666E-05;0;4.16666E-05;0;0.007125;0.001958333;0.374;0.276166667;0.000291667;0.053166667;0.231166667;0.320416666;0.170458333;0.000625;;;;;;;;;;;;;
"Bacteroidetes;c__Flavobacteria;f__Flavobacteriaceae;g__Aequorivita";4.16666E-05;0;0;0;0;0;0;0;0;0;0;0;0;0;0;;;;;;;;;;;;;
"Bacteroidetes;c__Flavobacteria;f__Flavobacteriaceae;g__Aquimarina";4.16666E-05;0;0;0;0;0;0;0;0;0;0;0;0;0;0;;;;;;;;;;;;;
"Bacteroidetes;c__Flavobacteria;f__Flavobacteriaceae;g__Capnocytophaga";0;0;0;0;0;0;0.000333333;0;8.33334E-05;0.000208333;0;0;0;0;0;;;;;;;;;;;;;
"Bacteroidetes;c__Flavobacteria;f__Flavobacteriaceae;g__Chryseobacterium";4.16666E-05;0;0;0;0;0.000125;4.16666E-05;0;0.000458333;0;0.005208333;0.000791667;0.00125;0.00375;4.16666E-05;;;;;;;;;;;;;
"Bacteroidetes;c__Flavobacteria;f__Flavobacteriaceae;g__Flavobacterium";0.002541667;0;0;8.33334E-05;4.16666E-05;0.00025;0.000375;0.017208333;0.012958333;8.33332E-05;0.004708333;0.04475;0.037208333;0.006708333;0;;;;;;;;;;;;;
"Bacteroidetes;c__Flavobacteria;f__Flavobacteriaceae;g__Myroides";0.001333333;0;0;0;0;0;0;0.038833333;0.011166667;0;0.063791667;0.006291667;0.019916667;0.007916667;0;;;;;;;;;;;;;
"Bacteroidetes;c__Flavobacteria;f__Flavobacteriaceae;g__Salegentibacter";4.16666E-05;0;0;0;0;0;0;0;0;0;0;0;0;0;0;;;;;;;;;;;;;
"Bacteroidetes;c__Flavobacteria;f__Flavobacteriaceae;g__Sejongia";0.000875;0;0;0;0;0;0;0;0;0;0;0;0;0;0;;;;;;;;;;;;;
"Bacteroidetes;c__Flavobacteria;f__Flavobacteriaceae;g__Tenacibaculum";4.16666E-05;0;0;0;0;0;0;0;0;0;0;0;0;0;0;;;;;;;;;;;;;
"Bacteroidetes;c__Flavobacteria;f__Flavobacteriaceae;g__Wautersiella";4.16666E-05;0;0;0;0;8.33334E-05;0;0.009083333;0.011583333;0.000208333;0.012333333;0.001666667;0.00525;0.023125;4.16666E-05;;;;;;;;;;;;;
"Bacteroidetes;c__Sphingobacteria";4.16666E-05;4.16666E-05;0;0;0;0.000708333;0.011875;0.011166667;0.009666667;0.001166667;0.000166666;0;0.002708333;0.013791666;0.00125;;;;;;;;;;;;;
"Bacteroidetes;c__Sphingobacteria;f__Flammeovirgaceae;g__Sporocytophaga";0;0;0;4.16666E-05;0;0;0;0;4.16666E-05;0;4.16666E-05;0;0;4.16666E-05;0;;;;;;;;;;;;;
"Bacteroidetes;c__Sphingobacteria;f__Flexibacteraceae";0.000416667;0;0;0;0;0;0;0.000166666;0;0;0;0;0;0;0;;;;;;;;;;;;;
"Bacteroidetes;c__Sphingobacteria;f__Flexibacteraceae;g__Dyadobacter";0;0;0;0;0;0;0;0;0;0;4.16666E-05;0;0;0;0;;;;;;;;;;;;;
"Bacteroidetes;c__Sphingobacteria;f__Flexibacteraceae;g__Hymenobacter";0.000375;0;0;0;0;0.001;4.16666E-05;0;0;0;4.16666E-05;0;0;8.33334E-05;0;;;;;;;;;;;;;
"Bacteroidetes;c__Sphingobacteria;f__Sphingobacteriaceae";4.16666E-05;0;0;0;0;0.001083333;0.001333333;0.011333333;0.009916667;0;0.00225;0.001333333;0.003875;0.013541667;0;;;;;;;;;;;;;
"Bacteroidetes;c__Sphingobacteria;f__Sphingobacteriaceae;g__Parapedobacter";0;0;0;0;0;0;0;0.01;0.001875;0;0;0;0.003916667;0.001291667;0;;;;;;;;;;;;;
"Bacteroidetes;c__Sphingobacteria;f__Sphingobacteriaceae;g__Pedobacter";0;0;0;0;0;0;0;0;4.16666E-05;0;0;0;0;0;0;;;;;;;;;;;;;
"Bacteroidetes;c__Sphingobacteria;f__Sphingobacteriaceae;g__Sphingobacterium";0.000625;0;0;4.16666E-05;0;0.001666667;0.00075;0.1665;0.122208333;0.000583333;0.035541667;0.069166667;0.099416667;0.162833334;0.000666667;;;;;;;;;;;;;
"Chlamydiae;c__Chlamydiae;f__Parachlamydiaceae";0.000375;0;0;0;0;0;0.000333333;0;0;0.000208333;0;0;0;4.16666E-05;0;;;;;;;;;;;;;
"Chlamydiae;c__Chlamydiae;f__Parachlamydiaceae;g__CandidatusProtochlamydia";4.16666E-05;0;0;0;0;0;0;0;0;0;0;0;0;0;0;;;;;;;;;;;;;
"Chlamydiae;c__Chlamydiae;f__Rhabdochlamydiaceae;g__CandidatusRhabdochlamydia";0;0;0;0;0;0;0;0;0;0.000416667;0;0;0;0;0;;;;;;;;;;;;;
"Chlamydiae;c__Chlamydiae;f__Simkaniaceae";0;0;0;0;0;0;0;0;0;4.16666E-05;0;0;0;0;0;;;;;;;;;;;;;
"Chloroflexi;c__Anaerolineae";0;0;0;0;0;0.00025;0.00025;0;0;0;0;0;0;0;0;;;;;;;;;;;;;
"Chloroflexi;c__Bljii12;f__Dolo_23";0;0;0;0;0;0;0;0;0;0;0;0;0;4.16666E-05;0;;;;;;;;;;;;;
"Chloroflexi;c__Chloroflexi;f__Roseiflexaceae;g__Roseiflexus";0;0;0;0;0;0;0;0;0;0.000166667;0;0;0;0;0;;;;;;;;;;;;;
"Chloroflexi;c__Thermomicrobia";0.00025;0;0;0;0;0;4.16666E-05;0;0;4.16666E-05;0;0;0;0;0;;;;;;;;;;;;;
"Firmicutes;Other;Other;Other";0.000416667;0.025416667;0.005625;0.007958333;0;4.16666E-05;0;4.16666E-05;8.33332E-05;0;0.000291667;0.000458333;8.33334E-05;0;0;;;;;;;;;;;;;
"Firmicutes;c__Bacilli";0.0945;0.245166667;0.099625;0.092875;0.000583333;0.0015;0.00025;0.00025;0.00025;0.000791667;0.002458333;0.003791667;0.001666667;0.000125;0.0015;;;;;;;;;;;;;
"Firmicutes;c__Bacilli;f__Aerococcaceae;g__Abiotrophia";0;0;0;4.16666E-05;0;0;4.16666E-05;0;0;0;0;0;0;0;0;;;;;;;;;;;;;
"Firmicutes;c__Bacilli;f__Aerococcaceae;g__Aerococcus";8.33334E-05;0;0;0;0;0;0;0;0;0;0;0;0;0;0;;;;;;;;;;;;;
"Firmicutes;c__Bacilli;f__Alicyclobacillaceae;g__Alicyclobacillus";4.16666E-05;0;0;0;0;0;0;0;0;0;0;0;0;0;0;;;;;;;;;;;;;
"Firmicutes;c__Bacilli;f__Bacillaceae";0.090875;0.00675;0.001583333;0.002125;4.16666E-05;0.00025;0;4.16666E-05;0.000291667;0.000333333;0.001916667;0.000541666;0.000333333;0.00025;0.000333333;;;;;;;;;;;;;
"Firmicutes;c__Bacilli;f__Bacillaceae;g__Anoxybacillus";0.001166667;0;0;0;0;0.000416667;4.16666E-05;0;0;0;0;0;0;0;0;;;;;;;;;;;;;
"Firmicutes;c__Bacilli;f__Bacillaceae;g__Bacillus";0.045291667;0.003625;0.001041667;0.001166667;0.000291667;0.000666667;0.001833333;0;0.000666667;0.000583333;8.33332E-05;0.000791667;0.000791667;0.000208333;0.000291667;;;;;;;;;;;;;
"Firmicutes;c__Bacilli;f__Bacillaceae;g__Geobacillus";0.029875;0;0;0;0;4.16666E-05;0;0;0;0;0;4.16666E-05;0;0;0;;;;;;;;;;;;;
"Firmicutes;c__Bacilli;f__Bacillaceae;g__Oceanobacillus";0.002875;0;0;0;0;0;0;4.16666E-05;0;0;0.000125;0;8.33332E-05;0;4.16666E-05;;;;;;;;;;;;;
"Firmicutes;c__Bacilli;f__Bacillaceae;g__Virgibacillus";0.001291667;0;0;0;0;0;0;0;0;0;0;0;0;0;0;;;;;;;;;;;;;
"Firmicutes;c__Bacilli;f__Carnobacteriaceae";0.003625;0.000125;0.000166666;8.33332E-05;0;0.000583333;0.000125;0;8.33332E-05;0.000375;0;0;0;0.000166667;0.000458333;;;;;;;;;;;;;
"Firmicutes;c__Bacilli;f__Carnobacteriaceae;g__Alloiococcus";4.16666E-05;0;0;0;0;0;0.000166667;0;0;0;0;0;0;0;0;;;;;;;;;;;;;
"Firmicutes;c__Bacilli;f__Carnobacteriaceae;g__Carnobacterium";0.001083333;0;4.16666E-05;0;0;0;0.001333333;0;4.16666E-05;0;4.16666E-05;0;0;0;0;;;;;;;;;;;;;
"Firmicutes;c__Bacilli;f__Carnobacteriaceae;g__Desemzia";8.33334E-05;0.001583334;0.001708333;0.001625;0;0;0;0;0;0;0;0;0;0;0;;;;;;;;;;;;;
"Firmicutes;c__Bacilli;f__Carnobacteriaceae;g__Granulicatella";0;0;0;0;0;0.000125;0;0;0;4.16666E-05;0;0;0;0;0;;;;;;;;;;;;;
"Firmicutes;c__Bacilli;f__Carnobacteriaceae;g__Trichococcus";8.33334E-05;0;0;0;0;0;0;0;0;0;0;0;0;0;0;;;;;;;;;;;;;
"Firmicutes;c__Bacilli;f__Enterococcaceae";0.000416667;0.002833333;0.010333333;0.020791667;4.16666E-05;4.16666E-05;0.000166667;0.000125;0.000125;0.00175;0.001333333;0.001791667;0.000125;0;0.001541667;;;;;;;;;;;;;
"Firmicutes;c__Bacilli;f__Enterococcaceae;g__Enterococcus";0.000875;0.000708333;0.008333333;0.012125;0.004208333;0.001;0.006708333;0.000875;0.001875;0.0065;0.019125;0.012666667;0.0025;0.001833333;0.008583333;;;;;;;;;;;;;
"Firmicutes;c__Bacilli;f__Enterococcaceae;g__Vagococcus";0.009666667;0.006666666;0.063333333;0.117833333;0.005875;0.001833333;0.014166667;0.004958333;0.005625;0.281375;0.040666667;0.009;0.005208333;0.006041667;0.258666667;;;;;;;;;;;;;
"Firmicutes;c__Bacilli;f__Exiguobacteraceae;g__Exiguobacterium";0.00025;0.000416666;8.33332E-05;0;4.16666E-05;0.000458333;0.001625;0;4.16666E-05;4.16666E-05;0;0;0;0;0;;;;;;;;;;;;;
"Firmicutes;c__Bacilli;f__Gemellaceae;g__Gemella";4.16666E-05;0;0;0;0;0;0;4.16666E-05;0;8.33332E-05;0;0;0;4.16666E-05;4.16666E-05;;;;;;;;;;;;;
"Firmicutes;c__Bacilli;f__Haloplasmataceae";0;0;0;0;0;0;0;0;0;0;4.16666E-05;0;0;0;0;;;;;;;;;;;;;
"Firmicutes;c__Bacilli;f__Haloplasmataceae;g__Haloplasma";4.16666E-05;4.16666E-05;0;0;0;0;0;0;0;0;0;0;0;0;0;;;;;;;;;;;;;
"Firmicutes;c__Bacilli;f__Lactobacillaceae";0;0;0;0;0;0;0;0;0;0;0.00025;4.16666E-05;0;0;0;;;;;;;;;;;;;
"Firmicutes;c__Bacilli;f__Lactobacillaceae;g__Lactobacillus";0.010625;0.000375;0.000125;8.33332E-05;0;0.029791667;0.35825;0.008666667;0.000666667;0.001208333;0.007083333;0.000958333;0.001041667;0.000666667;0.000458333;;;;;;;;;;;;;
"Firmicutes;c__Bacilli;f__Lactobacillaceae;g__Pediococcus";0.000166667;0;0;0;0;0;0.000291667;0;0;0;0;0;0;0;0;;;;;;;;;;;;;
"Firmicutes;c__Bacilli;f__Leuconostocaceae;g__Leuconostoc";4.16666E-05;0;0;0;0;0.000375;0.000458333;0;0;0.000291667;4.16666E-05;0;4.16666E-05;8.33334E-05;4.16666E-05;;;;;;;;;;;;;
"Firmicutes;c__Bacilli;f__Leuconostocaceae;g__Weissella";0.000291667;0;0;0;0;0.0005;0.000166667;0.000166667;0.0005;0;0.001958333;0.00025;0.000125;0.002541667;0;;;;;;;;;;;;;
"Firmicutes;c__Bacilli;f__Listeriaceae;g__Brochothrix";0;0;0;0;0;0;0.000208333;0;0;4.16666E-05;0;0;0;0;4.16666E-05;;;;;;;;;;;;;
"Firmicutes;c__Bacilli;f__Paenibacillaceae";0;0;0;0;0;0;0;0;0;0;4.16666E-05;4.16666E-05;4.16666E-05;0;0;;;;;;;;;;;;;
"Firmicutes;c__Bacilli;f__Paenibacillaceae;g__Ammoniphilus";0;0;0;0;0;0;0;0;0;0;0;0;0;4.16666E-05;0;;;;;;;;;;;;;
"Firmicutes;c__Bacilli;f__Paenibacillaceae;g__Aneurinibacillus";0.001166667;0;0;0;0;0;0;0;0;0;0;0;0;0;0;;;;;;;;;;;;;
"Firmicutes;c__Bacilli;f__Paenibacillaceae;g__Brevibacillus";0.00025;0;0;0;0;0;0;0;0;4.16666E-05;4.16666E-05;0;0;0;0;;;;;;;;;;;;;
"Firmicutes;c__Bacilli;f__Paenibacillaceae;g__Cohnella";0;0;0;0;0;8.33334E-05;0;4.16666E-05;0;0;0.000166666;8.33332E-05;8.33332E-05;0.000125;0;;;;;;;;;;;;;
"Firmicutes;c__Bacilli;f__Paenibacillaceae;g__Paenibacillus";0.000166667;4.16666E-05;0;0;0;0.000291667;0.000166667;0.000791666;0.010375;0.000875;0.014666667;0.014791666;0.0175;0.004208333;0.001416667;;;;;;;;;;;;;
"Firmicutes;c__Bacilli;f__Planococcaceae";0.154875;0.265208333;0.083916666;0.07625;0.000125;0.000375;0.000833333;0.000416667;0.005083333;0.001125;0.0085;0.003916667;0.010916667;0.004458333;0.021875;;;;;;;;;;;;;
"Firmicutes;c__Bacilli;f__Planococcaceae;g__Kurthia";0.00175;8.33332E-05;0;0;0;0;0;0;0;0;0.00025;0.000166667;0.00025;4.16666E-05;0;;;;;;;;;;;;;
"Firmicutes;c__Bacilli;f__Planococcaceae;g__Lysinibacillus";0.001875;0.000208333;0;0;4.16666E-05;0.000125;0;4.16666E-05;0.000333333;0;0.001291666;0.000916667;0.00225;0.000291667;0.000208333;;;;;;;;;;;;;
"Firmicutes;c__Bacilli;f__Planococcaceae;g__Paenisporosarcina";0;0.000291667;0;0;0;0;0;0;0;0;0;0;0;0;0;;;;;;;;;;;;;
"Firmicutes;c__Bacilli;f__Planococcaceae;g__Planococcus";0;0;0;0;0;0;0;0;0;0;0;4.16666E-05;0;0;0;;;;;;;;;;;;;
"Firmicutes;c__Bacilli;f__Planococcaceae;g__Planomicrobium";0.00125;0;0;0;0;0;0;0;0;0;0;0;0;0;0;;;;;;;;;;;;;
"Firmicutes;c__Bacilli;f__Planococcaceae;g__Rummeliibacillus";0.007791667;4.16666E-05;0;0.000125;0;0;4.16666E-05;8.33332E-05;0.00075;4.16666E-05;0.002541667;0.00025;0.0015;0.000708333;0.000291666;;;;;;;;;;;;;
"Firmicutes;c__Bacilli;f__Planococcaceae;g__Solibacillus";4.16666E-05;0.001416667;0.000291667;0.000666667;0;0;0;0;0;0;0;0;0;0;0;;;;;;;;;;;;;
"Firmicutes;c__Bacilli;f__Planococcaceae;g__Sporosarcina";0.006333333;0.004833334;0.002791667;0.001;0;0;0;0;4.16666E-05;0;0;0;0;8.33334E-05;0;;;;;;;;;;;;;
"Firmicutes;c__Bacilli;f__Planococcaceae;g__Ureibacillus";0.020083333;0.000166667;8.33332E-05;0;0;0;0;0;0;0;0;0;0;0;0;;;;;;;;;;;;;
"Firmicutes;c__Bacilli;f__Planococcaceae;g__Viridibacillus";4.16666E-05;0.001916667;0.000125;0.00025;0;0;0;0;0;0;8.33332E-05;0;0;0;0;;;;;;;;;;;;;
"Firmicutes;c__Bacilli;f__Staphylococcaceae";0.000625;0;0;0;0;0;0;0;0;8.33332E-05;0;0;0;0;8.33334E-05;;;;;;;;;;;;;
"Firmicutes;c__Bacilli;f__Staphylococcaceae;g__Jeotgalicoccus";0.000958333;0;0;0;0;0;4.16666E-05;0;0;0;0;0;0;0;0;;;;;;;;;;;;;
"Firmicutes;c__Bacilli;f__Staphylococcaceae;g__Macrococcus";0.003833333;0;0;0;0;4.16666E-05;0;0;0;0;0;0;4.16666E-05;0;0;;;;;;;;;;;;;
"Firmicutes;c__Bacilli;f__Staphylococcaceae;g__Staphylococcus";0.006833333;0.000291666;0.00025;0.000291667;0.000208333;0.009166667;0.007916667;0.00025;0.001166667;0.003541667;0.000791667;4.16666E-05;0.000166667;0.018625;0.004333333;;;;;;;;;;;;;
"Firmicutes;c__Bacilli;f__Streptococcaceae";0;0;0;0;0;0;0.000666667;0;0;0;0;0;0;0;0;;;;;;;;;;;;;
"Firmicutes;c__Bacilli;f__Streptococcaceae;g__Lactococcus";0.000125;0;0;0;0;0.000125;0.003;0;0;0;0;0;0;0;0;;;;;;;;;;;;;
"Firmicutes;c__Bacilli;f__Streptococcaceae;g__Streptococcus";0.001166667;4.16666E-05;0.000125;4.16666E-05;4.16666E-05;0.009;0.011458333;0.000208333;0.000375;0.004791667;0.000333333;0;8.33332E-05;0.001208333;0.001541667;;;;;;;;;;;;;
"Firmicutes;c__Clostridia";0.001708333;0.003708333;0.00125;0.000625;0;8.33332E-05;0.01125;0.001625;0.000875;0;0.009375;8.33332E-05;0.000166666;0.000875;0;;;;;;;;;;;;;
"Firmicutes;c__Clostridia;f__Catabacteriaceae";0;0;0;0;0;0;0;0;0;8.33334E-05;0;0;0;0;0;;;;;;;;;;;;;
"Firmicutes;c__Clostridia;f__Clostridiaceae";0.001125;0.000875;4.16666E-05;0.000208333;0;0;0.000416667;0;0;0;0;0;0;0;0;;;;;;;;;;;;;
"Firmicutes;c__Clostridia;f__Clostridiaceae;g__Alkaliphilus";0.000166667;0;0;0;0;0;0;0;0;0.000208333;8.33332E-05;4.16666E-05;0;8.33332E-05;0.000125;;;;;;;;;;;;;
"Firmicutes;c__Clostridia;f__Clostridiaceae;g__Caloramator";0.000208333;0;0;0;0;0;0;0;0;0;0;0;0;0;0;;;;;;;;;;;;;
"Firmicutes;c__Clostridia;f__Clostridiaceae;g__Caminicella";4.16666E-05;0;0;0;0;0;0;0;4.16666E-05;0;0.000875;4.16666E-05;0;4.16666E-05;0;;;;;;;;;;;;;
"Firmicutes;c__Clostridia;f__Clostridiaceae;g__Clostridium";0.019;0.091375;0.005958333;0.007708333;0.000208333;0.00025;0.00725;8.33332E-05;0.00025;4.16666E-05;0.002083333;0.000333333;0.000166667;0.000458333;0.000125;;;;;;;;;;;;;
"Firmicutes;c__Clostridia;f__Clostridiaceae;g__Natronincola";0;0;0;0;0;0;0;0;4.16666E-05;0;0;0;0;4.16666E-05;0;;;;;;;;;;;;;
"Firmicutes;c__Clostridia;f__ClostridialesFamilyXI,IncertaeSedis";0.030916667;0.110416667;0.03975;0.048458333;0.001125;4.16666E-05;0;0;4.16666E-05;8.33332E-05;0.000125;0;0;0;0.00025;;;;;;;;;;;;;
"Firmicutes;c__Clostridia;f__ClostridialesFamilyXI,IncertaeSedis;g__Anaerococcus";0.003083333;0.007041667;0.077833333;0.083;0.000125;0.001916667;0.000708333;0;4.16666E-05;8.33332E-05;4.16666E-05;0;0;4.16666E-05;8.33334E-05;;;;;;;;;;;;;
"Firmicutes;c__Clostridia;f__ClostridialesFamilyXI,IncertaeSedis;g__Clostridium";0.001916667;0.015375;0.002833334;0.004416667;8.33332E-05;0;0;0;0;0;0;0;0;0;0;;;;;;;;;;;;;
"Firmicutes;c__Clostridia;f__ClostridialesFamilyXI,IncertaeSedis;g__Finegoldia";4.16666E-05;0;0;0;0;0;8.33334E-05;0;0;0;0;0;0;8.33332E-05;0;;;;;;;;;;;;;
"Firmicutes;c__Clostridia;f__ClostridialesFamilyXI,IncertaeSedis;g__Peptoniphilus";0.006791667;0.033583333;0.168208333;0.188375;0.00025;4.16666E-05;0;0;0;8.33334E-05;0;0;0;0.00025;0;;;;;;;;;;;;;
"Firmicutes;c__Clostridia;f__ClostridialesFamilyXI,IncertaeSedis;g__Sedimentibacter";0;0;0;0;0;0;0;0;4.16666E-05;0;0.002375;8.33332E-05;0;4.16666E-05;0;;;;;;;;;;;;;
"Firmicutes;c__Clostridia;f__ClostridialesFamilyXI,IncertaeSedis;g__Sporanaerobacter";0.005583333;0.022666667;0.000333333;8.33334E-05;0;0;0;0;0;0;0;0;0;0;0;;;;;;;;;;;;;
"Firmicutes;c__Clostridia;f__ClostridialesFamilyXI,IncertaeSedis;g__Tepidimicrobium";0.005583334;0;0;0;0;0;0;0;0;0;0;0;0;0;0;;;;;;;;;;;;;
"Firmicutes;c__Clostridia;f__ClostridialesFamilyXI,IncertaeSedis;g__Tissierella";0.0095;0.062791667;0.015125;0.016833333;0;4.16666E-05;4.16666E-05;4.16666E-05;0.001458333;0.001291667;0.003125;0.000541667;8.33332E-05;0.001625;0.000333333;;;;;;;;;;;;;
"Firmicutes;c__Clostridia;f__ClostridialesFamilyXIII,IncertaeSedis";0.000875;0;0;0;0;0;0;0;0;0;0;0;0;0;0;;;;;;;;;;;;;
"Firmicutes;c__Clostridia;f__ClostridialesFamilyXIII,IncertaeSedis;g__Anaerovorax";0.000875;0;0;0;0;0;0;0;0;0;0;0;0;0;0;;;;;;;;;;;;;
"Firmicutes;c__Clostridia;f__ClostridialesFamilyXIII,IncertaeSedis;g__Eubacterium";0.005125;0;0;0;0;0;0;0;0;0;0;0;0;0;0;;;;;;;;;;;;;
"Firmicutes;c__Clostridia;f__Eubacteriaceae";0;0;0;0;0;0;0;0;0;0;0;0;0;8.33334E-05;0;;;;;;;;;;;;;
"Firmicutes;c__Clostridia;f__Eubacteriaceae;g__Eubacterium";8.33334E-05;4.16666E-05;0;4.16666E-05;4.16666E-05;0.000166667;4.16666E-05;4.16666E-05;4.16666E-05;0;0;0;0;4.16666E-05;0;;;;;;;;;;;;;
"Firmicutes;c__Clostridia;f__Lachnospiraceae";0.012791667;4.16666E-05;0;0.000125;0;0.005916667;0.044666667;0.000458333;0.004333334;0.001375;0.0155;0.002125;0.000833334;0.0065;0.000708333;;;;;;;;;;;;;
"Firmicutes;c__Clostridia;f__Lachnospiraceae;g__Anaerostipes";0;0;0;0;0;0;0;0;0.000291667;0;0.000541667;4.16666E-05;0;0.000208333;8.33332E-05;;;;;;;;;;;;;
"Firmicutes;c__Clostridia;f__Lachnospiraceae;g__Blautia";4.16666E-05;0;0;0;0;0.000208333;0.018416667;8.33332E-05;0;0;4.16666E-05;4.16666E-05;0;0;8.33332E-05;;;;;;;;;;;;;
"Firmicutes;c__Clostridia;f__Lachnospiraceae;g__Clostridium";4.16666E-05;8.33334E-05;0;8.33332E-05;0;0.000416667;0.001125;4.16666E-05;0.000166667;4.16666E-05;0.001166667;0.000208333;0.000125;0.000208333;0.000166667;;;;;;;;;;;;;
"Firmicutes;c__Clostridia;f__Lachnospiraceae;g__Coprococcus";0;0;0;0;0;0.00025;0.00475;4.16666E-05;0.000708333;0.0005;0.005958333;0.00175;0.000833333;0.001833333;0.000333333;;;;;;;;;;;;;
"Firmicutes;c__Clostridia;f__Lachnospiraceae;g__Dorea";8.33334E-05;0;0;0;0;0.000125;0.000791667;0;0;0;4.16666E-05;0;0;0;0;;;;;;;;;;;;;
"Firmicutes;c__Clostridia;f__Lachnospiraceae;g__Epulopiscium";4.16666E-05;0;0;0;0;0;0;0;0;0;0;0;0;0;0;;;;;;;;;;;;;
"Firmicutes;c__Clostridia;f__Lachnospiraceae;g__Eubacterium";0;0;0;0;0;0;0.001583333;0;0;0;0;0;0;0;0;;;;;;;;;;;;;
"Firmicutes;c__Clostridia;f__Lachnospiraceae;g__Lachnospira";0;0;0;0;0;4.16666E-05;0.000125;0;0;0;0;0;0;0;0;;;;;;;;;;;;;
"Firmicutes;c__Clostridia;f__Lachnospiraceae;g__Moryella";0;0;0;0;0;0;0;0;0;0;0;0;0;4.16666E-05;0;;;;;;;;;;;;;
"Firmicutes;c__Clostridia;f__Lachnospiraceae;g__Oribacterium";0.007833333;0;0;0;0;0;8.33334E-05;0;0;0;0;0;0;0;0;;;;;;;;;;;;;
"Firmicutes;c__Clostridia;f__Lachnospiraceae;g__Pseudobutyrivibrio";0;0;0;0;0;0.000166667;0;0;0;0;0;0;0;0;0;;;;;;;;;;;;;
"Firmicutes;c__Clostridia;f__Lachnospiraceae;g__Roseburia";0;0;0;4.16666E-05;4.16666E-05;0.003583333;0.004083333;0;0;8.33334E-05;0.000166667;0;0;8.33332E-05;0;;;;;;;;;;;;;
"Firmicutes;c__Clostridia;f__Lachnospiraceae;g__Ruminococcus";0;0;0;0;0;0.000166667;0.002333333;0;0;0;8.33332E-05;0;4.16666E-05;0.000166667;8.33332E-05;;;;;;;;;;;;;
"Firmicutes;c__Clostridia;f__ML1228J-1";0;0;0;0;0;0;8.33334E-05;0;0;0;0;0;0;0;0;;;;;;;;;;;;;
"Firmicutes;c__Clostridia;f__Peptococcaceae;g__Desulfotomaculum";0;0;0;0;0;0;0;0;0;0;4.16666E-05;0;0;0;0;;;;;;;;;;;;;
"Firmicutes;c__Clostridia;f__Peptostreptococcaceae;g__Filifactor";0;0;0;0;0;0;0.000208333;0;0;0;0;0;0;0;0;;;;;;;;;;;;;
"Firmicutes;c__Clostridia;f__Peptostreptococcaceae;g__Peptostreptococcus";0.002791667;0;0;0;0;0;0;4.16666E-05;0;0;0;0;0;0;0;;;;;;;;;;;;;
"Firmicutes;c__Clostridia;f__Ruminococcaceae";0.005625;0.000166666;0;4.16666E-05;0;0.000166667;0.00325;8.33332E-05;0.000166667;0;0.001625;4.16666E-05;8.33332E-05;0.000291667;0;;;;;;;;;;;;;
"Firmicutes;c__Clostridia;f__Ruminococcaceae;g__Anaerofilum";0;0;0;0;0;0;0.000458333;0;0;0;0;0;0;0;0;;;;;;;;;;;;;
"Firmicutes;c__Clostridia;f__Ruminococcaceae;g__Anaerotruncus";0;0;0;0;0;0;0;0;4.16666E-05;0;0.000291667;0;0;4.16666E-05;0;;;;;;;;;;;;;
"Firmicutes;c__Clostridia;f__Ruminococcaceae;g__Bacteroides";0;0;0;0;0;0;0.000583333;0;0;0;8.33334E-05;0;0;0;0;;;;;;;;;;;;;
"Firmicutes;c__Clostridia;f__Ruminococcaceae;g__Clostridium";0;0;4.16666E-05;0;0;4.16666E-05;0.002958333;8.33332E-05;0.000208333;0.000166667;0.001208334;0.000375;4.16666E-05;0.000416667;0;;;;;;;;;;;;;
"Firmicutes;c__Clostridia;f__Ruminococcaceae;g__Eubacterium";0;0;0;0;0;0;0.00075;0;0;0;4.16666E-05;0;0;0;0;;;;;;;;;;;;;
"Firmicutes;c__Clostridia;f__Ruminococcaceae;g__Faecalibacterium";0;4.16666E-05;0;8.33334E-05;0;8.33332E-05;0.000875;0;8.33334E-05;4.16666E-05;0;0;4.16666E-05;4.16666E-05;0;;;;;;;;;;;;;
"Firmicutes;c__Clostridia;f__Ruminococcaceae;g__Oscillospira";0;0;0;0;0;8.33332E-05;0.000541667;0;4.16666E-05;0;0.000541667;4.16666E-05;0;0;0;;;;;;;;;;;;;
"Firmicutes;c__Clostridia;f__Ruminococcaceae;g__Ruminococcus";0;0;0;0;0;0;0.000833333;0;0;0;0;0;0;0;4.16666E-05;;;;;;;;;;;;;
"Firmicutes;c__Clostridia;f__Ruminococcaceae;g__Subdoligranulum";0;0;0;0;0;8.33332E-05;0.003;0;0;0;0;0;0;0;0;;;;;;;;;;;;;
"Firmicutes;c__Clostridia;f__Thermoanaerobacteraceae;g__Caldanaerobacter";0.000166667;0;0;0;0;0;0;0;0;0;0;0;0;0;0;;;;;;;;;;;;;
"Firmicutes;c__Clostridia;f__Thermoanaerobacteraceae;g__Tepidanaerobacter";0.001125;0;0;0;0;0;0;0;0;0;0;0;0;0;0;;;;;;;;;;;;;
"Firmicutes;c__Clostridia;f__Thermodesulfobiaceae;g__Coprothermobacter";0.000125;0;0;0;0;0;0;0;0;0;0;0;0;0;0;;;;;;;;;;;;;
"Firmicutes;c__Clostridia;f__Veillonellaceae";0.000666667;0;0;0;0;0;0;4.16666E-05;8.33332E-05;0;0.000833333;0;4.16666E-05;0.000125;0;;;;;;;;;;;;;
"Firmicutes;c__Clostridia;f__Veillonellaceae;g__Acidaminococcus";0.000208333;0;0;0;0;0;0;0;0;0;0;0;0;0;0;;;;;;;;;;;;;
"Firmicutes;c__Clostridia;f__Veillonellaceae;g__Anaeroglobus";0;4.16666E-05;8.33332E-05;4.16666E-05;4.16666E-05;0.000166667;4.16666E-05;0;4.16666E-05;4.16666E-05;4.16666E-05;0.000125;4.16666E-05;4.16666E-05;0;;;;;;;;;;;;;
"Firmicutes;c__Clostridia;f__Veillonellaceae;g__Anaerospora";0;0;0;0;0;0;0;0;0;0;0.00025;0;0;0;0;;;;;;;;;;;;;
"Firmicutes;c__Clostridia;f__Veillonellaceae;g__Desulfosporomusa";0;0;0;0;0;0;0;0;0;0;8.33332E-05;0;0;4.16666E-05;0;;;;;;;;;;;;;
"Firmicutes;c__Clostridia;f__Veillonellaceae;g__Dialister";4.16666E-05;0;0;0;8.33334E-05;0;0;0;0;0;0;0;0;4.16666E-05;0;;;;;;;;;;;;;
"Firmicutes;c__Clostridia;f__Veillonellaceae;g__Megasphaera";8.33334E-05;0;0;4.16666E-05;0;0;4.16666E-05;0;0;0;0;0;4.16666E-05;4.16666E-05;0;;;;;;;;;;;;;
"Firmicutes;c__Clostridia;f__Veillonellaceae;g__Phascolarctobacterium";4.16666E-05;0;0;0;0;8.33334E-05;0;4.16666E-05;0;0;0;0;4.16666E-05;0;0;;;;;;;;;;;;;
"Firmicutes;c__Clostridia;f__Veillonellaceae;g__Selenomonas";0;0;0;0;0;8.33334E-05;0;0;0;0;0;0;0;0;0;;;;;;;;;;;;;
"Firmicutes;c__Clostridia;f__Veillonellaceae;g__Veillonella";0.000958333;0;0;0;0;0.000666667;0.000666667;0;0.000166667;0.000125;4.16666E-05;0;0;4.16666E-05;0;;;;;;;;;;;;;
"Fusobacteria;c__Fusobacteria;f__Fusobacteriaceae";0.000708333;0;0;0;0;0;0;0;0;0;0;0;0;0;0;;;;;;;;;;;;;
"Fusobacteria;c__Fusobacteria;f__Fusobacteriaceae;g__Cetobacterium";0.007583334;0;0;0;0;0;0;0;0;0;0;0;0;0;0;;;;;;;;;;;;;
"Fusobacteria;c__Fusobacteria;f__Fusobacteriaceae;g__Fusobacterium";0.004375;0;0;0;0;0.000916667;4.16666E-05;0;0;4.16666E-05;0;0;0;0;8.33334E-05;;;;;;;;;;;;;
"Fusobacteria;c__Fusobacteria;f__Fusobacteriaceae;g__J2-29";0.01725;0;0;0;0;4.16666E-05;0;0;0;0;0;0;0;0;0;;;;;;;;;;;;;
"Fusobacteria;c__Fusobacteria;f__Fusobacteriaceae;g__Leptotrichia";0;0;0;0;0;0.000541667;0;0;8.33334E-05;0;0;0;0;0;0.000166667;;;;;;;;;;;;;
"Fusobacteria;c__Fusobacteria;f__Fusobacteriaceae;g__Propionigenium";0.007333333;0;0;0;0;0;0;0;0;0;0;0;0;0;0;;;;;;;;;;;;;
"Fusobacteria;c__Fusobacteria;f__Fusobacteriaceae;g__u114";0.000208333;0;0;0;0;0;0;0;0;0;0;0;0;0;0;;;;;;;;;;;;;
"Gemmatimonadetes;c__Gemmatimonadetes";4.16666E-05;0;0;0;0;0.000208333;0.000333333;0;0;4.16666E-05;0;4.16666E-05;0;0;0;;;;;;;;;;;;;
"Gemmatimonadetes;c__Gemmatimonadetes;f__Gemmatimonadaceae";0;0;0;0;0;0;0;0;0;0.000166667;0;0;0;0;0;;;;;;;;;;;;;
"Nitrospirae;c__Nitrospira;f__Nitrospiraceae;g__Nitrospira";4.16666E-05;0;0;0;0;0;0;0;0;0;0;0;0;0;0;;;;;;;;;;;;;
"Planctomycetes;c__PW285";4.16666E-05;0;0;0;0;0;0;0;0;0;0;0;0;0;0;;;;;;;;;;;;;
"Planctomycetes;c__Planctomycea";0.00025;0;4.16666E-05;0;4.16666E-05;4.16666E-05;0.0005;0;0;0;0;0;0;0;0;;;;;;;;;;;;;
"Planctomycetes;c__Planctomycea;f__Gemmataceae";0;0;0;0;0;0;0.000166667;0;0;0;0;0;0;0;0;;;;;;;;;;;;;
"Planctomycetes;c__Planctomycea;f__Gemmataceae;g__Gemmata";0.000125;0;0;0;0;0;0.001125;0;0;0;4.16666E-05;0;0;4.16666E-05;0;;;;;;;;;;;;;
"Planctomycetes;c__Planctomycea;f__Isosphaeraceae;g__Singulisphaera";0;0;0;4.16666E-05;0;0;0.00025;0;0;0;0;0;0;0;0;;;;;;;;;;;;;
"Planctomycetes;c__Planctomycea;f__Isosphaeraceae;g__Singulisphaera";0;0;0;0;0;0;0;0;0;4.16666E-05;0;0;0;0;0;;;;;;;;;;;;;
"Planctomycetes;c__Planctomycea;f__Pirellulaceae;g__A17";0;0;0;0;0;0;0;0;0;0.000125;0;0;0;0;0;;;;;;;;;;;;;
"Planctomycetes;c__Planctomycea;f__Pirellulaceae;g__Pirellula";0;0;0;0;0;0;0.0005;0;0;0;0;0;0;0;0;;;;;;;;;;;;;
Proteobacteria;0.000208333;0.000125;0;0;0;0.678833334;0.0885;0.000291667;0.000208333;0.0005;0.001083333;0.002333334;0.000958333;0.000125;0.002708333;;;;;;;;;;;;;
"Proteobacteria;c__Alphaproteobacteria";4.16666E-05;0;0;0;0;0.000125;0.000625;0.000583334;0.001125;0.000958333;0.002166667;0.001875;0.0005;0.002375;0.00125;;;;;;;;;;;;;
"Proteobacteria;c__Alphaproteobacteria;f__;g__Caedibacter";0;0;0;0;0;0;0.000125;0;0;0;0;0;0;0;0;;;;;;;;;;;;;
"Proteobacteria;c__Alphaproteobacteria;f__Acetobacteraceae";4.16666E-05;0;0;0;0;0;0;0;0;0;0;0;0;0;0;;;;;;;;;;;;;
"Proteobacteria;c__Alphaproteobacteria;f__Acetobacteraceae;g__Acetobacter";0.004375;4.16666E-05;4.16666E-05;4.16666E-05;0;0.009291667;0.031291667;0;0.00025;0.000666667;0;0;0;0.000208333;0.0005;;;;;;;;;;;;;
"Proteobacteria;c__Alphaproteobacteria;f__Acetobacteraceae;g__Acidocella";0.000125;0;0;0;0;0;0;0;0;0;0;0;0;0;0;;;;;;;;;;;;;
"Proteobacteria;c__Alphaproteobacteria;f__Acetobacteraceae;g__Gluconacetobacter";0;0;0;0;0;0;0;0;0;0;0;4.16666E-05;0;0;0;;;;;;;;;;;;;
"Proteobacteria;c__Alphaproteobacteria;f__Acetobacteraceae;g__Gluconobacter";0.000416667;0;0;0;0;0.000833333;0.003833333;0.000291666;8.33332E-05;0;0;0;0;0;0;;;;;;;;;;;;;
"Proteobacteria;c__Alphaproteobacteria;f__Acetobacteraceae;g__Roseomonas";8.33332E-05;0;0;0;0;4.16666E-05;0;0.000125;0.000125;0;0.000458333;8.33332E-05;8.33332E-05;0.000125;0;;;;;;;;;;;;;
"Proteobacteria;c__Alphaproteobacteria;f__Aurantimonadaceae";0;0;0;0;0;0.003791667;0;0;0;0;0;0;0;0;0;;;;;;;;;;;;;
"Proteobacteria;c__Alphaproteobacteria;f__Bartonellaceae;g__Bartonella";0;0;0;0;0;0;0;4.16666E-05;0.000125;0.000208333;4.16666E-05;8.33332E-05;0.000208333;0.000458333;0.000333333;;;;;;;;;;;;;
"Proteobacteria;c__Alphaproteobacteria;f__Beijerinckiaceae";0;0;0;0;0;0;0.000166667;0;0;0;0;0;0;0;0;;;;;;;;;;;;;
"Proteobacteria;c__Alphaproteobacteria;f__Beijerinckiaceae;g__Beijerinckia";0;0;0;0;0;0;0;4.16666E-05;0;0;0;0;0;0;0;;;;;;;;;;;;;
"Proteobacteria;c__Alphaproteobacteria;f__Bradyrhizobiaceae";0.000125;0;0;0;0;0;4.16666E-05;8.33334E-05;0.000416667;0.001833333;0.000166667;8.33332E-05;0;0.000625;0.001958333;;;;;;;;;;;;;
"Proteobacteria;c__Alphaproteobacteria;f__Bradyrhizobiaceae;g__Balneimonas";0;0;0;0;0;0.000583333;0.000375;0;0;0;0;0;0;0;0;;;;;;;;;;;;;
"Proteobacteria;c__Alphaproteobacteria;f__Bradyrhizobiaceae;g__Bosea";0;0;0;0;0;0;0;4.16666E-05;0;0;4.16666E-05;4.16666E-05;0;0;0;;;;;;;;;;;;;
"Proteobacteria;c__Alphaproteobacteria;f__Bradyrhizobiaceae;g__Bradyrhizobium";0;0;0;0;0;0.000291667;8.33334E-05;0;8.33332E-05;0;4.16666E-05;0;0;0;8.33334E-05;;;;;;;;;;;;;
"Proteobacteria;c__Alphaproteobacteria;f__Brucellaceae";0.000166667;0;4.16666E-05;4.16666E-05;0;0.001;0.001333333;0.003625;0.054;0.033291667;0.043791667;0.005625;0.003375;0.10375;0.044958334;;;;;;;;;;;;;
"Proteobacteria;c__Alphaproteobacteria;f__Brucellaceae;g__Brucella";0;0;0;0;0;0;0;4.16666E-05;0.00025;4.16666E-05;0.001583334;0.000708333;0.000333333;0.000333333;8.33332E-05;;;;;;;;;;;;;
"Proteobacteria;c__Alphaproteobacteria;f__Brucellaceae;g__Ochrobactrum";0;0;0;0;0;0;0;4.16666E-05;8.33332E-05;8.33332E-05;0.000208333;8.33332E-05;4.16666E-05;0.000166667;0.000125;;;;;;;;;;;;;
"Proteobacteria;c__Alphaproteobacteria;f__Brucellaceae;g__Pseudochrobactrum";8.33332E-05;0;0;0;0;0.000125;0;4.16666E-05;0.000333333;0;0;0.000125;4.16666E-05;0.000791667;0.00025;;;;;;;;;;;;;
"Proteobacteria;c__Alphaproteobacteria;f__Caulobacteraceae";0;0;0;0;0;0;0;4.16666E-05;0;0;0.000166667;8.33332E-05;0.000375;8.33332E-05;0;;;;;;;;;;;;;
"Proteobacteria;c__Alphaproteobacteria;f__Caulobacteraceae;g__Brevundimonas";0.000541666;0;4.16666E-05;0;4.16666E-05;0.001375;0.001333333;0.000291666;0.001041667;8.33332E-05;0.001083333;0.000166667;0.001166666;0.000375;8.33332E-05;;;;;;;;;;;;;
"Proteobacteria;c__Alphaproteobacteria;f__Caulobacteraceae;g__Caulobacter";0;0;0;0;0;0;0.000125;0;0;0;4.16666E-05;0;0;0;0;;;;;;;;;;;;;
"Proteobacteria;c__Alphaproteobacteria;f__Caulobacteraceae;g__Mycoplana";0;0;0;0;0;0;0;0;0;0;4.16666E-05;0;4.16666E-05;0;0;;;;;;;;;;;;;
"Proteobacteria;c__Alphaproteobacteria;f__Caulobacteraceae;g__Phenylobacterium";4.16666E-05;0;0;0;0;4.16666E-05;0.000458333;0;0;0;0;0;0;4.16666E-05;0;;;;;;;;;;;;;
"Proteobacteria;c__Alphaproteobacteria;f__Erythrobacteraceae;g__Lutibacterium";0;0;0;0;0;0;0;0.000208333;0.000291667;0;0.000958334;0.00025;4.16666E-05;0.000208333;0;;;;;;;;;;;;;
"Proteobacteria;c__Alphaproteobacteria;f__Hyphomicrobiaceae;g__Devosia";8.33332E-05;0;0;0;0;0;0.003375;0.000666666;0.001791667;0.002125;0.001458333;0.000333333;0.000291667;0.002333333;0.001041667;;;;;;;;;;;;;
"Proteobacteria;c__Alphaproteobacteria;f__Hyphomicrobiaceae;g__Hyphomicrobium";0;0;0;0;0;0;0.001541667;0;0;0;0;0;0;0;0;;;;;;;;;;;;;
"Proteobacteria;c__Alphaproteobacteria;f__Hyphomicrobiaceae;g__Rhodoplanes";0;0;0;0;0;0;4.16666E-05;0;0;0;0;0;0;0;0;;;;;;;;;;;;;
"Proteobacteria;c__Alphaproteobacteria;f__Methylobacteriaceae";0;0;0;0;0;0;0.000333333;0;0;0;0;0;0;0;0;;;;;;;;;;;;;
"Proteobacteria;c__Alphaproteobacteria;f__Methylobacteriaceae;g__Methylobacterium";0.000208333;0;0;0;0;0.000291667;0.004208333;0;8.33332E-05;0.000583333;8.33334E-05;0;0;0.000125;0.000541667;;;;;;;;;;;;;
"Proteobacteria;c__Alphaproteobacteria;f__Methylocystaceae";0;0;0;0;0;0.000666667;0.080416667;4.16666E-05;8.33334E-05;0;0.000125;0;0;0;8.33334E-05;;;;;;;;;;;;;
"Proteobacteria;c__Alphaproteobacteria;f__Phyllobacteriaceae";0;0;0;0;0;8.33334E-05;0;4.16666E-05;0.00025;8.33332E-05;0.000708333;0.000125;0.000125;0.000333333;0;;;;;;;;;;;;;
"Proteobacteria;c__Alphaproteobacteria;f__Phyllobacteriaceae;g__Defluvibacter";0.000125;0;0;0;0;8.33334E-05;4.16666E-05;0.001208333;0.001666667;8.33332E-05;0.006625;0.000791667;0.000708333;0.002958333;0.000791667;;;;;;;;;;;;;
"Proteobacteria;c__Alphaproteobacteria;f__Phyllobacteriaceae;g__Mesorhizobium";0;0;0;0;0;0;0;0;4.16666E-05;8.33334E-05;4.16666E-05;0;0;0;0;;;;;;;;;;;;;
"Proteobacteria;c__Alphaproteobacteria;f__Phyllobacteriaceae;g__Nitratireductor";0;0;0;0;0;0;0;0;0;0;4.16666E-05;0;0;0;0;;;;;;;;;;;;;
"Proteobacteria;c__Alphaproteobacteria;f__Phyllobacteriaceae;g__Phyllobacterium";0;0;0;0;0;0.000875;0;0;0;0;8.33332E-05;8.33332E-05;0;0.000166667;0;;;;;;;;;;;;;
"Proteobacteria;c__Alphaproteobacteria;f__Phyllobacteriaceae;g__Pseudaminobacter";8.33334E-05;0;0;0;0;0;0;0;0;0;0.000166667;0;0;0;0;;;;;;;;;;;;;
"Proteobacteria;c__Alphaproteobacteria;f__Rhizobiaceae";0;0;0;0;0;4.16666E-05;0;0;8.33334E-05;0;4.16666E-05;4.16666E-05;0;0;0;;;;;;;;;;;;;
"Proteobacteria;c__Alphaproteobacteria;f__Rhizobiaceae;g__Agrobacterium";8.33334E-05;0;0;0;0;4.16666E-05;8.33334E-05;4.16666E-05;0;8.33332E-05;0.000125;0;0;0.000125;4.16666E-05;;;;;;;;;;;;;
"Proteobacteria;c__Alphaproteobacteria;f__Rhizobiaceae;g__Kaistia";0;0;0;0;0;0;0;0;4.16666E-05;0;4.16666E-05;4.16666E-05;0;0;0;;;;;;;;;;;;;
"Proteobacteria;c__Alphaproteobacteria;f__Rhizobiaceae;g__Rhizobium";0;4.16666E-05;8.33334E-05;0;0;0.000125;0;4.16666E-05;0;0;0;0;0;0;4.16666E-05;;;;;;;;;;;;;
"Proteobacteria;c__Alphaproteobacteria;f__Rhizobiaceae;g__Shinella";0;0;0;0;0;0;0;0;0;0;4.16666E-05;4.16666E-05;0;8.33332E-05;8.33334E-05;;;;;;;;;;;;;
"Proteobacteria;c__Alphaproteobacteria;f__Rhodobacteraceae";4.16666E-05;0;0;0;0;0;0;0;0;0;0.000208333;0.000125;0.000166666;0;0;;;;;;;;;;;;;
"Proteobacteria;c__Alphaproteobacteria;f__Rhodobacteraceae;g__Amaricoccus";0.000125;0;0;0;0;0;0;0;0;0;0;0;0;0;0;;;;;;;;;;;;;
"Proteobacteria;c__Alphaproteobacteria;f__Rhodobacteraceae;g__Paracoccus";0.001333333;0;0;0;0.000166667;0.016541667;0.013208333;0.001041667;0.000875;0.000541667;0.00825;0.001833333;0.001916667;0.000208333;0.0005;;;;;;;;;;;;;
"Proteobacteria;c__Alphaproteobacteria;f__Rhodobacteraceae;g__Rhodobacter";4.16666E-05;0;0;0;0;0.001833333;0;0;0;0;0;0;0;0;0;;;;;;;;;;;;;
"Proteobacteria;c__Alphaproteobacteria;f__Rhodobacteraceae;g__Rubellimicrobium";0;0;0;0;0;0.000125;0;0;0;0.000125;0;0;0;0;4.16666E-05;;;;;;;;;;;;;
"Proteobacteria;c__Alphaproteobacteria;f__Rhodobiaceae";4.16666E-05;0;0;0;0;0;0;0;0;0;0;0;0;0;0;;;;;;;;;;;;;
"Proteobacteria;c__Alphaproteobacteria;f__Rhodospirillaceae";0.000125;0;0;0;0;0;0.000375;0;0;0;0;4.16666E-05;4.16666E-05;8.33332E-05;0;;;;;;;;;;;;;
"Proteobacteria;c__Alphaproteobacteria;f__Rhodospirillaceae;g__Azospirillum";0;4.16666E-05;0;0;0;4.16666E-05;4.16666E-05;0;0;4.16666E-05;0;4.16666E-05;0;0.000291667;0;;;;;;;;;;;;;
"Proteobacteria;c__Alphaproteobacteria;f__Rhodospirillaceae;g__Phaeospirillum";4.16666E-05;0;0;0;0;0;0;0;0;4.16666E-05;0;0;0;0;0.000166667;;;;;;;;;;;;;
"Proteobacteria;c__Alphaproteobacteria;f__Rhodospirillaceae;g__Skermanella";0;0;0;4.16666E-05;0;4.16666E-05;0;0;0;4.16666E-05;4.16666E-05;0;4.16666E-05;4.16666E-05;0;;;;;;;;;;;;;
"Proteobacteria;c__Alphaproteobacteria;f__Rickettsiaceae;g__Rickettsia";0;0;0;0;0;0;0;0;0;0;0;0;0;0.000375;0;;;;;;;;;;;;;
"Proteobacteria;c__Alphaproteobacteria;f__Sphingomonadaceae";0.000166667;4.16666E-05;0;4.16666E-05;0;0.00075;0.0025;0;0.000166667;0;4.16666E-05;0;8.33332E-05;4.16666E-05;4.16666E-05;;;;;;;;;;;;;
"Proteobacteria;c__Alphaproteobacteria;f__Sphingomonadaceae;g__Blastomonas";4.16666E-05;0;0;0;0;0;0;0;4.16666E-05;0;0;0;0;0;0;;;;;;;;;;;;;
"Proteobacteria;c__Alphaproteobacteria;f__Sphingomonadaceae;g__Kaistobacter";0;0;0;0;0;0.000916667;0;0;4.16666E-05;0;4.16666E-05;0;0;0;0;;;;;;;;;;;;;
"Proteobacteria;c__Alphaproteobacteria;f__Sphingomonadaceae;g__Novosphingobium";4.16666E-05;0;4.16666E-05;0;0;0;0.004791667;0;0;0;0;0;0;0;0;;;;;;;;;;;;;
"Proteobacteria;c__Alphaproteobacteria;f__Sphingomonadaceae;g__Sphingobium";0.000166667;0;4.16666E-05;0;0;0.000375;0.000833333;8.33332E-05;0;4.16666E-05;0;4.16666E-05;0;0;0;;;;;;;;;;;;;
"Proteobacteria;c__Alphaproteobacteria;f__Sphingomonadaceae;g__Sphingomonas";0.000625;0;0;4.16666E-05;0;0.052791667;0.036125;0.000458333;0.004916667;0.014541667;0.000291667;4.16666E-05;0.000166667;0.00575;0.013541667;;;;;;;;;;;;;
"Proteobacteria;c__Alphaproteobacteria;f__Sphingomonadaceae;g__Sphingopyxis";0;0;0;0;4.16666E-05;0;0.000583333;0.000541667;0.000125;4.16666E-05;0;0;8.33334E-05;0.000375;0;;;;;;;;;;;;;
"Proteobacteria;c__Alphaproteobacteria;f__Xanthobacteraceae;g__Xanthobacter";4.16666E-05;0;0;0;0;4.16666E-05;0;0;0;0;0;0;0;0;0;;;;;;;;;;;;;
"Proteobacteria;c__Betaproteobacteria";0;0;0;0;0;0.000208333;0;0.000291667;0.000666667;0;0.010041666;0.01625;0.003;0.000291667;4.16666E-05;;;;;;;;;;;;;
"Proteobacteria;c__Betaproteobacteria;f__;g__Aquabacterium";0.000125;0;0;0;0;4.16666E-05;0;0;0;0.000125;4.16666E-05;0;0;0;4.16666E-05;;;;;;;;;;;;;
"Proteobacteria;c__Betaproteobacteria;f__;g__Ideonella";0;0;0;0;0;0;0;0;0;0;0;8.33334E-05;0;0;0;;;;;;;;;;;;;
"Proteobacteria;c__Betaproteobacteria;f__;g__Mitsuaria";0;0;0;0;0;8.33332E-05;0;0;0;4.16666E-05;0;0;0;0;0;;;;;;;;;;;;;
"Proteobacteria;c__Betaproteobacteria;f__;g__Paucibacter";8.33334E-05;0;0;0;0;0.002666667;0.000166667;0;0.000208333;0.002;0.00025;0;0;0.000416667;0.00075;;;;;;;;;;;;;
"Proteobacteria;c__Betaproteobacteria;f__Alcaligenaceae";8.33332E-05;0;0;0;0;0.000708333;0.001291667;0.018125;0.015208333;0.016208333;0.055958333;0.028916666;0.016458333;0.006458333;0.014583333;;;;;;;;;;;;;
"Proteobacteria;c__Betaproteobacteria;f__Alcaligenaceae;g__Achromobacter";0;0;4.16666E-05;0;0;0.0005;0.000416667;0.00425;0.007875;0.000791667;0.020583333;0.0115;0.008125;0.002708333;0.001875;;;;;;;;;;;;;
"Proteobacteria;c__Betaproteobacteria;f__Alcaligenaceae;g__Alcaligenes";0.00425;4.16666E-05;0;4.16666E-05;0;0.001291667;0.000791667;0.046708333;0.041875;0.0005;0.038791667;0.037041667;0.032166667;0.048458333;0.000791667;;;;;;;;;;;;;
"Proteobacteria;c__Betaproteobacteria;f__Alcaligenaceae;g__Bordetella";0;0;0;0;0;0;4.16666E-05;0.0005;0.000416667;0.000166667;0.001291667;0.001458333;0.000583333;0.000166666;0.000333333;;;;;;;;;;;;;
"Proteobacteria;c__Betaproteobacteria;f__Alcaligenaceae;g__Castellaniella";0;0;0;0;0;0;0;0;0;0;0;4.16666E-05;8.33332E-05;0;0;;;;;;;;;;;;;
"Proteobacteria;c__Betaproteobacteria;f__Alcaligenaceae;g__Pelistega";0;0;0;0;0;0;0;0.000166667;0;0;0;8.33332E-05;8.33334E-05;4.16666E-05;0;;;;;;;;;;;;;
"Proteobacteria;c__Betaproteobacteria;f__Alcaligenaceae;g__Pigmentiphaga";0;0;0;0;0;0;0;0.000375;4.16666E-05;0;0.000875;0.000291667;0.000166666;4.16666E-05;0;;;;;;;;;;;;;
"Proteobacteria;c__Betaproteobacteria;f__Alcaligenaceae;g__Sutterella";4.16666E-05;0;0;0;0;0;0;0;0;0;0;0;0;0;0;;;;;;;;;;;;;
"Proteobacteria;c__Betaproteobacteria;f__Alcaligenaceae;g__Taylorella";0;0;0;0;0;0;0;4.16666E-05;0;0;4.16666E-05;8.33332E-05;4.16666E-05;0;0;;;;;;;;;;;;;
"Proteobacteria;c__Betaproteobacteria;f__Alcaligenaceae;g__Tetrathiobacter";0;0;0;0;0;0;0;0.000125;8.33332E-05;0;0.0005;0.000333333;0.000125;4.16666E-05;4.16666E-05;;;;;;;;;;;;;
"Proteobacteria;c__Betaproteobacteria;f__Burkholderiaceae";4.16666E-05;0;0;0;0;0;0;0;0;0;0;0;0;0;0;;;;;;;;;;;;;
"Proteobacteria;c__Betaproteobacteria;f__Burkholderiaceae;g__Burkholderia";8.33332E-05;0;0;0;0;8.33332E-05;0.0005;0;4.16666E-05;0.000125;0;0;0;0;8.33332E-05;;;;;;;;;;;;;
"Proteobacteria;c__Betaproteobacteria;f__Burkholderiaceae;g__Cupriavidus";4.16666E-05;0;0;0;0;0;0;0;0;0;0;0;0;0;0;;;;;;;;;;;;;
"Proteobacteria;c__Betaproteobacteria;f__Burkholderiaceae;g__Lautropia";0;0;0;0;0;0;0.000166667;0;0;4.16666E-05;0;0;0;0;0;;;;;;;;;;;;;
"Proteobacteria;c__Betaproteobacteria;f__Comamonadaceae";0.000666667;0;0;0;0;0.000208333;0.000166667;0.00075;0.003083333;0.000583333;0.015541667;0.040208333;0.0125;0.001875;0.00025;;;;;;;;;;;;;
"Proteobacteria;c__Betaproteobacteria;f__Comamonadaceae;g__Acidovorax";8.33334E-05;0;0;0;0;0.003083333;0;0;0;0;0;4.16666E-05;0;4.16666E-05;4.16666E-05;;;;;;;;;;;;;
"Proteobacteria;c__Betaproteobacteria;f__Comamonadaceae;g__Aquamonas";0;0;0;0;0;4.16666E-05;0;0;0;0;0;0;0;0;0;;;;;;;;;;;;;
"Proteobacteria;c__Betaproteobacteria;f__Comamonadaceae;g__Comamonas";0.000166667;0;0;0;0;0.00775;0.004625;0.000375;0.065;8.33334E-05;0.1545;0.159666667;0.055041667;0.037583333;0.002875;;;;;;;;;;;;;
"Proteobacteria;c__Betaproteobacteria;f__Comamonadaceae;g__Curvibacter";0;0;0;0;0;8.33334E-05;0;0;0;0;0;0;0;0;0;;;;;;;;;;;;;
"Proteobacteria;c__Betaproteobacteria;f__Comamonadaceae;g__Delftia";0;0;4.16666E-05;0;0;0;4.16666E-05;8.33332E-05;4.16666E-05;8.33332E-05;0;0;4.16666E-05;4.16666E-05;0;;;;;;;;;;;;;
"Proteobacteria;c__Betaproteobacteria;f__Comamonadaceae;g__Diaphorobacter";0;0;0;0;0;0;0;0;0;0;8.33332E-05;4.16666E-05;0;0;0;;;;;;;;;;;;;
"Proteobacteria;c__Betaproteobacteria;f__Comamonadaceae;g__Polaromonas";4.16666E-05;0;0;0;0;0.000166667;0;0;0;0;0;0;0;0;0;;;;;;;;;;;;;
"Proteobacteria;c__Betaproteobacteria;f__Comamonadaceae;g__Ramlibacter";0;0;0;8.33332E-05;0;4.16666E-05;0;0;8.33334E-05;4.16666E-05;0;0;0;0.000208333;0.000208333;;;;;;;;;;;;;
"Proteobacteria;c__Betaproteobacteria;f__Comamonadaceae;g__Variovorax";4.16666E-05;0;0;0;0;0;0;0;0;0;0;0;0;0;4.16666E-05;;;;;;;;;;;;;
"Proteobacteria;c__Betaproteobacteria;f__Hydrogenophilaceae";0.000125;0;0;0;0;0;0;0;0;0;0;0;0;0;0;;;;;;;;;;;;;
"Proteobacteria;c__Betaproteobacteria;f__Hydrogenophilaceae;g__Hydrogenophilus";0;0;0;0;0;4.16666E-05;8.33334E-05;0;0.000125;0;0;0;0;8.33334E-05;0;;;;;;;;;;;;;
"Proteobacteria;c__Betaproteobacteria;f__Methylophilaceae";4.16666E-05;0;0;0;0;0;0;0;0;0;0;0;0;0;0;;;;;;;;;;;;;
"Proteobacteria;c__Betaproteobacteria;f__Methylophilaceae;g__Methylotenera";0.000791667;0;0;0;0;0;0.003208333;0;4.16666E-05;4.16666E-05;0;0;0;0.000125;0.000208333;;;;;;;;;;;;;
"Proteobacteria;c__Betaproteobacteria;f__Neisseriaceae";4.16666E-05;0;0;0;0;0.000166667;0;0;0;0;0;0;0;0;0;;;;;;;;;;;;;
"Proteobacteria;c__Betaproteobacteria;f__Neisseriaceae;g__Kingella";0;0;0;0;0;0;0.000291667;0;0;0;0;0;0;4.16666E-05;4.16666E-05;;;;;;;;;;;;;
"Proteobacteria;c__Betaproteobacteria;f__Neisseriaceae;g__Neisseria";4.16666E-05;0;0;0;0;0;0;0;0;0;0;0;0;4.16666E-05;0;;;;;;;;;;;;;
"Proteobacteria;c__Betaproteobacteria;f__Neisseriaceae;g__Simonsiella";0;0;0;0;0;0.000125;0;0;0;0;0;0;0;0;0;;;;;;;;;;;;;
"Proteobacteria;c__Betaproteobacteria;f__Oxalobacteraceae";0.000125;0;0;0;0;0.004083333;0.001041667;0.003208333;0.001416667;0.004083333;0.000708333;0.000583334;0.000458333;0.001833333;0.001916667;;;;;;;;;;;;;
"Proteobacteria;c__Betaproteobacteria;f__Oxalobacteraceae;g__Massilia";0.000416667;4.16666E-05;0;0;0;0;0.001333333;0;0;0;0;0;4.16666E-05;0;4.16666E-05;;;;;;;;;;;;;
"Proteobacteria;c__Betaproteobacteria;f__Oxalobacteraceae;g__Oxalobacter";0;0;0;0;0;4.16666E-05;0;0;0;0;0;0;0;0;0;;;;;;;;;;;;;
"Proteobacteria;c__Betaproteobacteria;f__Rhodocyclaceae";0;0;0;0;0;0;0;0;0;0;0;0;0;4.16666E-05;4.16666E-05;;;;;;;;;;;;;
"Proteobacteria;c__Betaproteobacteria;f__Rhodocyclaceae;g__Methyloversatilis";0.000166667;0;0;0;0;0.001416667;0.005833333;0;0.000125;0.000375;4.16666E-05;0;0;0.000416667;0.000791667;;;;;;;;;;;;;
"Proteobacteria;c__Deltaproteobacteria";0.000125;0;0;0;0;0.000166667;4.16666E-05;0;0;0.000125;4.16666E-05;0;0;0;8.33332E-05;;;;;;;;;;;;;
"Proteobacteria;c__Deltaproteobacteria;f__Bacteriovoracaceae";0;0;0;0;0;0;0;0.001333333;0.001208333;8.33332E-05;0.002916667;4.16666E-05;0.000333333;0.002083333;0.000291667;;;;;;;;;;;;;
"Proteobacteria;c__Deltaproteobacteria;f__Bdellovibrionaceae;g__Bdellovibrio";0;0;0;0;0;0;0;0;0;4.16666E-05;0;0;0;0;0;;;;;;;;;;;;;
"Proteobacteria;c__Deltaproteobacteria;f__Bdellovibrionaceae;g__Bdellovibrio";0.000125;0;0;0;0;0;8.33334E-05;0;0;0;0;0;0;0;0;;;;;;;;;;;;;
"Proteobacteria;c__Deltaproteobacteria;f__Desulfobulbaceae;g__Desulfotalea";8.33334E-05;0;0;0;0;0;0;0;0;0;0;0;0;0;0;;;;;;;;;;;;;
"Proteobacteria;c__Deltaproteobacteria;f__Desulfovibrionaceae;g__Bilophila";0;0;0;0;0;4.16666E-05;4.16666E-05;0;4.16666E-05;4.16666E-05;8.33332E-05;0;4.16666E-05;0;4.16666E-05;;;;;;;;;;;;;
"Proteobacteria;c__Deltaproteobacteria;f__Haliangiaceae";0;0;0;0;0;0;0;0;0;0;0;0;0;0.000125;0;;;;;;;;;;;;;
"Proteobacteria;c__Deltaproteobacteria;f__JTB38";8.33332E-05;0;0;0;0;0;0;0;0;0;0;0;0;0;0;;;;;;;;;;;;;
"Proteobacteria;c__Deltaproteobacteria;f__Nannocystaceae;g__Plesiocystis";4.16666E-05;0;0;0;0;0;0;0;0;0;0;0;0;0;0;;;;;;;;;;;;;
"Proteobacteria;c__Deltaproteobacteria;f__Syntrophobacteraceae";0;0;0;0;0;0;4.16666E-05;0;0;0;0;0;0;4.16666E-05;0;;;;;;;;;;;;;
"Proteobacteria;c__Epsilonproteobacteria;f__Campylobacteraceae;g__Arcobacter";0.001083333;0;0;0;0;0;0;0;0;0;0;0;0;0;0;;;;;;;;;;;;;
"Proteobacteria;c__Epsilonproteobacteria;f__Campylobacteraceae;g__Campylobacter";0.000291667;0;0;0;0;0;4.16666E-05;0;0;0;0;0;0;0;0;;;;;;;;;;;;;
"Proteobacteria;c__Epsilonproteobacteria;f__Campylobacteraceae;g__Sulfurospirillum";4.16666E-05;0;0;0;0;0;0;0;0;0;0;0;0;0;0;;;;;;;;;;;;;
"Proteobacteria;c__Gammaproteobacteria";0.001541666;0.000291667;0.000125;0.000333333;0;0;0;0;0.000166667;0;0.001583333;0.003416667;0.001875;8.33332E-05;0;;;;;;;;;;;;;
"Proteobacteria;c__Gammaproteobacteria;f__;g__Solimonas";0.000125;0;0;0;0;0;0;0;0;0;4.16666E-05;0;0;0;0;;;;;;;;;;;;;
"Proteobacteria;c__Gammaproteobacteria;f__Aeromonadaceae";0.000291667;0;0;0;0;0;0;0;0;0;0;0;0;0;0;;;;;;;;;;;;;
"Proteobacteria;c__Gammaproteobacteria;f__Aeromonadaceae;g__Aeromonas";0.001416667;0;4.16666E-05;0;0;0.001833333;0.00025;0;0;0;0;0;0;0;0;;;;;;;;;;;;;
"Proteobacteria;c__Gammaproteobacteria;f__Aeromonadaceae;g__Oceanisphaera";0.001416667;0;0;0;0;0;0;0;0;0;0;0;0;0;0;;;;;;;;;;;;;
"Proteobacteria;c__Gammaproteobacteria;f__Alcanivoracaceae;g__Alcanivorax";4.16666E-05;0;0;0;0;4.16666E-05;0;0;0;0;0;0;0;0;4.16666E-05;;;;;;;;;;;;;
"Proteobacteria;c__Gammaproteobacteria;f__Alteromonadaceae;g__Cellvibrio";4.16666E-05;0;0;0;0;0;0;0;0;0;0;0;0;0;0;;;;;;;;;;;;;
"Proteobacteria;c__Gammaproteobacteria;f__Alteromonadaceae;g__Marinobacter";0.000375;0;0;0;0;0;0;0;0;0;0;0;0;0;0;;;;;;;;;;;;;
"Proteobacteria;c__Gammaproteobacteria;f__Alteromonadaceae;g__nsmpVI18";8.33334E-05;0;0;0;0;0;0;0;0;0;0;0;0;0;0;;;;;;;;;;;;;
"Proteobacteria;c__Gammaproteobacteria;f__Cardiobacteriaceae;g__Cardiobacterium";4.16666E-05;0;0;0;0;0;0;0;0;0;0;0;0;0;0;;;;;;;;;;;;;
"Proteobacteria;c__Gammaproteobacteria;f__Chromatiaceae;g__Rheinheimera";0.001916666;0;0;0;0;0.000208333;0;0;0;0;0;0;0;0;0;;;;;;;;;;;;;
"Proteobacteria;c__Gammaproteobacteria;f__Enterobacteriaceae";0.001;0.004833333;0.010625;0.015083333;0.0135;0.005541667;0.00425;0.00025;0.0005;0.001875;0.004208333;0.00125;0.0005;0.003041667;0.001583333;;;;;;;;;;;;;
"Proteobacteria;c__Gammaproteobacteria;f__Enterobacteriaceae;g__Averyella";0;0;0;0;0;0;0;0;0;0;0;0;0;8.33332E-05;0;;;;;;;;;;;;;
"Proteobacteria;c__Gammaproteobacteria;f__Enterobacteriaceae;g__Buchnera";4.16666E-05;0;0;0;0;0;0.00025;0;0;0;0;0;0;0;0;;;;;;;;;;;;;
"Proteobacteria;c__Gammaproteobacteria;f__Enterobacteriaceae;g__Citrobacter";0.00025;4.16666E-05;4.16666E-05;0.000125;0.000666667;0.000166667;0.000625;8.33334E-05;0.000708333;0;0.001791667;8.33332E-05;4.16666E-05;0.001833333;0;;;;;;;;;;;;;
"Proteobacteria;c__Gammaproteobacteria;f__Enterobacteriaceae;g__Erwinia";0.000375;0;0;0;0.000875;0.000166667;0.0085;0.00025;0.001833333;0;0.017166667;0.001666667;0.000708333;0.010125;0.0005;;;;;;;;;;;;;
"Proteobacteria;c__Gammaproteobacteria;f__Enterobacteriaceae;g__Escherichia";0.0025;0;4.16666E-05;0;0;0.003375;0.00375;0;8.33332E-05;0.000958333;0.001333333;0;0;0.000625;0.000208333;;;;;;;;;;;;;
"Proteobacteria;c__Gammaproteobacteria;f__Enterobacteriaceae;g__Klebsiella";0.000291667;4.16666E-05;0;4.16666E-05;0.001875;0.0005;0.001833333;0.000583334;0.001583333;0;0.019833333;0.002458333;0.000833333;0.010541667;8.33334E-05;;;;;;;;;;;;;
"Proteobacteria;c__Gammaproteobacteria;f__Enterobacteriaceae;g__Morganella";0.000583333;0.010625;0.04225;0.043291667;0.111958333;4.16666E-05;0.001875;0;8.33332E-05;0.000333333;4.16666E-05;0;0;0.000291667;0.000541667;;;;;;;;;;;;;
"Proteobacteria;c__Gammaproteobacteria;f__Enterobacteriaceae;g__Proteus";0.001041667;0.023125;0.133666667;0.122041667;0.168541667;0.000291667;0.000208333;8.33332E-05;0.000625;0;0.000875;0.000833333;0.001125;0.005583333;0.006916667;;;;;;;;;;;;;
"Proteobacteria;c__Gammaproteobacteria;f__Enterobacteriaceae;g__Providencia";0.001833333;0.032708333;0.183125;0.124791667;0.68825;0.000958333;0.005041667;0.003875;0.008958333;0.073041667;0.00175;0.001375;0.0035;0.029166667;0.144;;;;;;;;;;;;;
"Proteobacteria;c__Gammaproteobacteria;f__Enterobacteriaceae;g__Raoultella";4.16666E-05;0;0;0;4.16666E-05;0;4.16666E-05;0;0;0;4.16666E-05;0;0;0;0;;;;;;;;;;;;;
"Proteobacteria;c__Gammaproteobacteria;f__Enterobacteriaceae;g__Salmonella";0;0;0;0;0;0;0;0;0;0;4.16666E-05;0;0;0;0;;;;;;;;;;;;;
"Proteobacteria;c__Gammaproteobacteria;f__Enterobacteriaceae;g__Serratia";0.000916667;0;0;0;0;0;0.002291667;0;0;0;0;0;0;0;0;;;;;;;;;;;;;
"Proteobacteria;c__Gammaproteobacteria;f__Enterobacteriaceae;g__Trabulsiella";0;4.16666E-05;0;4.16666E-05;0;4.16666E-05;0;8.33332E-05;0.000166666;0;0.003916667;0.00225;0.000416667;0.000416667;0;;;;;;;;;;;;;
"Proteobacteria;c__Gammaproteobacteria;f__Halomonadaceae;g__Cobetia";0.009;0;0;0;0;0;0;0;0;0;0;0;0;0;0;;;;;;;;;;;;;
"Proteobacteria;c__Gammaproteobacteria;f__Halomonadaceae;g__Halomonas";0.000458333;0;0;0;0;0;0.000333333;0;0;0;0;0;0;0;0;;;;;;;;;;;;;
"Proteobacteria;c__Gammaproteobacteria;f__Idiomarinaceae";0.000416667;0;0;0;0;0;0;0;0;0;0;0;0;0;0;;;;;;;;;;;;;
"Proteobacteria;c__Gammaproteobacteria;f__Idiomarinaceae;g__Pseudidiomarina";4.16666E-05;0;0;0;0;0;0;0;0;0;0;0;0;0;0;;;;;;;;;;;;;
"Proteobacteria;c__Gammaproteobacteria;f__Moraxellaceae";0.000208333;0;0;0;0;4.16666E-05;0.000125;4.16666E-05;4.16666E-05;0;0.000291666;0;0;0;0.000208333;;;;;;;;;;;;;
"Proteobacteria;c__Gammaproteobacteria;f__Moraxellaceae;g__Acinetobacter";0.025416667;0;0.000125;0;0;0.001916667;0.006708333;0.001125;0.007375;0.000166667;0.047375;0.004333333;0.001041667;0.01625;0.000416667;;;;;;;;;;;;;
"Proteobacteria;c__Gammaproteobacteria;f__Moraxellaceae;g__Alkanindiges";0.000125;0;0;0;0;0;0;0;0;0;0;0;0;0;0;;;;;;;;;;;;;
"Proteobacteria;c__Gammaproteobacteria;f__Moraxellaceae;g__Moraxella";0;0;0;0;0;0;0;0;8.33334E-05;4.16666E-05;0;0;0;0;4.16666E-05;;;;;;;;;;;;;
"Proteobacteria;c__Gammaproteobacteria;f__Moraxellaceae;g__Psychrobacter";0.039625;0.000541667;0.000166667;0.001208333;0;8.33332E-05;0.000208333;0;4.16666E-05;0.000125;4.16666E-05;0;0;0;0;;;;;;;;;;;;;
"Proteobacteria;c__Gammaproteobacteria;f__Moritellaceae";8.33332E-05;0;0;0;0;0;0;0;0;0;0;0;0;0;0;;;;;;;;;;;;;
"Proteobacteria;c__Gammaproteobacteria;f__Moritellaceae;g__Moritella";0.002375;0;0;0;0;0;0;0;0;0;0;0;0;0;0;;;;;;;;;;;;;
"Proteobacteria;c__Gammaproteobacteria;f__Oceanospirillaceae";0.000166667;0;0;0;0;0;0;4.16666E-05;0;0;0;8.33332E-05;0.00025;0;0;;;;;;;;;;;;;
"Proteobacteria;c__Gammaproteobacteria;f__Oceanospirillaceae;g__Marinobacterium";8.33332E-05;0;0;0;0;0;0;0;0;0;0;0;0;0;0;;;;;;;;;;;;;
"Proteobacteria;c__Gammaproteobacteria;f__Oceanospirillaceae;g__Marinomonas";0.000333333;0;0;0;0;0;0.000333333;0;0;0;0;0;0;0;0;;;;;;;;;;;;;
"Proteobacteria;c__Gammaproteobacteria;f__Oceanospirillaceae;g__Marinospirillum";0.000166667;0;0;0;0;0;0;0;0;0;0;0;0;0;0;;;;;;;;;;;;;
"Proteobacteria;c__Gammaproteobacteria;f__Oceanospirillaceae;g__Oleispira";0.000208333;0;0;0;0;0;0;0;0;0;0;0;0;0;0;;;;;;;;;;;;;
"Proteobacteria;c__Gammaproteobacteria;f__Pasteurellaceae;g__Actinobacillus";0;0;0;0;0;0;4.16666E-05;0;0;0;0;0;0;0;0;;;;;;;;;;;;;
"Proteobacteria;c__Gammaproteobacteria;f__Pasteurellaceae;g__Basfia";0;0;0;0;0;0;0.000583333;0;0;0;0;0;0;0;0;;;;;;;;;;;;;
"Proteobacteria;c__Gammaproteobacteria;f__Pasteurellaceae;g__Haemophilus";0;0;0;0;0;0.000916667;0.000208333;0;4.16666E-05;0.000458333;0;0;0;8.33332E-05;4.16666E-05;;;;;;;;;;;;;
"Proteobacteria;c__Gammaproteobacteria;f__Pseudoalteromonadaceae;g__Pseudoalteromonas";0.05075;0;0;0;0;0;0;0;0;0;0;0;0;0;0;;;;;;;;;;;;;
"Proteobacteria;c__Gammaproteobacteria;f__Pseudomonadaceae;Other";0;0;0;0;0;8.33334E-05;0;0.00075;0.000208333;0;0.001083333;0.002375;0.002916667;0.000125;0;;;;;;;;;;;;;
"Proteobacteria;c__Gammaproteobacteria;f__Pseudomonadaceae;g__Azomonas";0;0;0;0;0;0;0;0;0;0;0;0;4.16666E-05;0;0;;;;;;;;;;;;;
"Proteobacteria;c__Gammaproteobacteria;f__Pseudomonadaceae;g__Azorhizophilus";0;0;0;0;0;4.16666E-05;0;0.00275;0.000375;0;0.006458333;0.004708333;0.003041667;0.000125;0;;;;;;;;;;;;;
"Proteobacteria;c__Gammaproteobacteria;f__Pseudomonadaceae;g__Azotobacter";0;0;0;0;0;0;0;0;0;0;0;0;4.16666E-05;0;0;;;;;;;;;;;;;
"Proteobacteria;c__Gammaproteobacteria;f__Pseudomonadaceae;g__Pseudomonas";0.012583333;0;0;0.000125;8.33332E-05;0.0045;0.004;0.017333333;0.03275;0.000875;0.034958333;0.03275;0.066333333;0.021083333;0.00025;;;;;;;;;;;;;
"Proteobacteria;c__Gammaproteobacteria;f__Psychromonadaceae;g__Psychromonas";0.001;0;0;0;0;0;0;0;8.33332E-05;0;0;0;0;0;0.000125;;;;;;;;;;;;;
"Proteobacteria;c__Gammaproteobacteria;f__Shewanellaceae;g__Shewanella";0.011541667;0;0;0;0;0;0;0;0;0;0;0;0;0;0;;;;;;;;;;;;;
"Proteobacteria;c__Gammaproteobacteria;f__Sinobacteraceae;g__";0;0;0;0;0;0;8.33334E-05;0;0;0;0;0;0;4.16666E-05;0;;;;;;;;;;;;;
"Proteobacteria;c__Gammaproteobacteria;f__Sinobacteraceae;g__Hydrocarboniphaga";0;0;0;0;0;0.000458333;0.000125;0;8.33332E-05;0.0015;0.000208333;0;0;0.001833333;0.001791667;;;;;;;;;;;;;
"Proteobacteria;c__Gammaproteobacteria;f__Sinobacteraceae;g__Nevskia";0.0005;0;0;0;0;0;0;0;0;0;0;0;0;0;0;;;;;;;;;;;;;
"Proteobacteria;c__Gammaproteobacteria;f__Sinobacteraceae;g__Steroidobacter";0;0;0;0;0;0;0;0;0;0;0;0;4.16666E-05;4.16666E-05;0;;;;;;;;;;;;;
"Proteobacteria;c__Gammaproteobacteria;f__Vibrionaceae";0.003833333;0;0;0;0;0;0;0;0;0;0;0;0;0;0;;;;;;;;;;;;;
"Proteobacteria;c__Gammaproteobacteria;f__Vibrionaceae;g__Aliivibrio";0.002958333;0;0;0;0;0;0;0;0;0;0;0;0;0;0;;;;;;;;;;;;;
"Proteobacteria;c__Gammaproteobacteria;f__Vibrionaceae;g__Photobacterium";0.090625;4.16666E-05;4.16666E-05;8.33334E-05;0;4.16666E-05;0;0;4.16666E-05;0;0;0;0;0;0;;;;;;;;;;;;;
"Proteobacteria;c__Gammaproteobacteria;f__Vibrionaceae;g__Vibrio";0.002916667;0;0;0;0;0;0.000333333;0;4.16666E-05;0.000166667;0;0;0;4.16666E-05;0;;;;;;;;;;;;;
"Proteobacteria;c__Gammaproteobacteria;f__Xanthomonadaceae";4.16666E-05;0;0;0;0;0.000208333;4.16666E-05;0.000583333;0.00075;8.33334E-05;0.002666667;0.017208333;0.003333333;0.000583333;0;;;;;;;;;;;;;
"Proteobacteria;c__Gammaproteobacteria;f__Xanthomonadaceae;g__Ignatzschineria";8.33332E-05;0;0;0;0;0;0;0;0;0;0;0;0;0;0;;;;;;;;;;;;;
"Proteobacteria;c__Gammaproteobacteria;f__Xanthomonadaceae;g__Pseudoxanthomonas";0.000583333;0;0;0;0;0.000291667;4.16666E-05;0;0;0;0;0;0;0;0;;;;;;;;;;;;;
"Proteobacteria;c__Gammaproteobacteria;f__Xanthomonadaceae;g__Stenotrophomonas";0.00075;4.16666E-05;0;8.33332E-05;0;0.004125;0.002208333;0.006458333;0.024708333;0.000166667;0.0155;0.06925;0.02625;0.008375;0.000125;;;;;;;;;;;;;
"Proteobacteria;c__Gammaproteobacteria;f__Xanthomonadaceae;g__Thermomonas";0;0;0;0;0;0.000125;0;0.001333333;0.001291667;0;0.003208333;0.018541667;0.006625;0.000208333;0;;;;;;;;;;;;;
Spirochaetes;4.16666E-05;0;0;0;0;0;0;0;0;0;0;0;0;0;0;;;;;;;;;;;;;
"Spirochaetes;c__Spirochaetes;f__Spirochaetaceae;g__Treponema";8.33332E-05;0;0;0;0;4.16666E-05;8.33334E-05;0;0;0.00025;0;0;4.16666E-05;0;0;;;;;;;;;;;;;
"Synergistetes;c__Synergistia;f__Aminiphilaceae;g__Aminiphilus";0;0;0;0;0;0;0;0;0;4.16666E-05;0;0;0;0;0;;;;;;;;;;;;;
"Synergistetes;c__Synergistia;f__Dethiosulfovibrionaceae;g__Pyramidobacter";0.000333333;0;0;0;0;0;0;0;0;0;0;0;0;0;0;;;;;;;;;;;;;
"Synergistetes;c__Synergistia;f__Synergistaceae;g__Synergistes";0;0;4.16666E-05;0;0;4.16666E-05;0;4.16666E-05;0;4.16666E-05;8.33332E-05;0;0;0;4.16666E-05;;;;;;;;;;;;;
"TM6;c__SJA-4";0;0;0;0;0;0;0.000666667;0;0;0;0;0;0;0;0;;;;;;;;;;;;;
"TM7;c__TM7-3";0;0;0;0;0;0;0;0.003708333;0.005625;0.00025;0.000125;0;0.001208333;0.008375;0.000208333;;;;;;;;;;;;;
"TM7;c__TM7-3;f__A29";0;0;0;0;0;0;0;0.000125;0;0;0;0;0;0;0;;;;;;;;;;;;;
Tenericutes;0;0;4.16666E-05;0;0;0;0;0;0;0;8.33332E-05;0;0;0;0;;;;;;;;;;;;;
"Tenericutes;c__Erysipelotrichi;f__Erysipelotrichaceae";0.002916667;0.000125;0.00225;0.000541667;0;0;0.0005;0;0;0;0;0;0;0;0;;;;;;;;;;;;;
"Tenericutes;c__Erysipelotrichi;f__Erysipelotrichaceae;g__Bulleidia";4.16666E-05;0;0;0;0;0;0;0;0;0;0;0;0;0;0;;;;;;;;;;;;;
"Tenericutes;c__Erysipelotrichi;f__Erysipelotrichaceae;g__Clostridium";0.000208333;0;0;4.16666E-05;0;0.00125;0.006875;0;0;0;0.000625;0;0;4.16666E-05;4.16666E-05;;;;;;;;;;;;;
"Tenericutes;c__Erysipelotrichi;f__Erysipelotrichaceae;g__Erysipelothrix";0.001375;0.004041667;0.03425;0.004416667;0;0;0;0;0;0;0;0;0;4.16666E-05;0;;;;;;;;;;;;;
"Tenericutes;c__Erysipelotrichi;f__Erysipelotrichaceae;g__Holdemania";0.000458333;0;0;0;0;0;0;0;0;0;0;0;0;0;0;;;;;;;;;;;;;
"Tenericutes;c__Erysipelotrichi;f__vadinHA31;g__RFN20";4.16666E-05;0;0;0;0;0;0;0;0;0;0;0;0;0;0;;;;;;;;;;;;;
"Tenericutes;c__ML615J-28";0;0;0;0;0;0;0;0;0;0;0.0015;0;0;4.16666E-05;0;;;;;;;;;;;;;
"Tenericutes;c__Mollicutes";0;0;0;0;0;0;0;4.16666E-05;0.00025;0.000166667;0.004;0.00025;0;0.000375;0;;;;;;;;;;;;;
"Tenericutes;c__Mollicutes;f__Acholeplasmataceae";0;0;0;0;0;0;0;0;0;0;0.00025;8.33334E-05;0;0;0;;;;;;;;;;;;;
"Tenericutes;c__Mollicutes;f__Acholeplasmataceae;g__CandidatusPhytoplasma";8.33334E-05;0;0;0;0;0;0;0;0;0;0;0;0;0;0;;;;;;;;;;;;;
"Tenericutes;c__Mollicutes;f__Anaeroplasmataceae";0;0;0;0;0;0;0;0;0;0;0;4.16666E-05;0;0;0;;;;;;;;;;;;;
"Thermi;c__Deinococci;f__Deinococcaceae;g__Deinococcus";0.0005;0;0;0;0;0.0055;0.003541667;0;0;0.000333333;0;0;0;8.33334E-05;0.000208333;;;;;;;;;;;;;
"Thermi;c__Deinococci;f__Thermaceae;g__Thermus";0.000291667;0;0;0;0;0.000166667;0;0;4.16666E-05;0;0;0;0;0;0;;;;;;;;;;;;;
"Thermotogae;c__Thermotogae;f__Thermotogaceae;g__Thermosipho";0.000375;0;0;0;0;0;0;0;0;0;0;0;0;0;0;;;;;;;;;;;;;
"Thermotogae;c__Thermotogae;f__Thermotogaceae;g__Thermotoga";0.0005;0;0;0;0;0;0;0;0;0;0;0;0;0;0;;;;;;;;;;;;;
"Verrucomicrobia;c__Spartobacteria;f__Spartobacteriaceae;g__Chthoniobacter";0;4.16666E-05;0;0;0;4.16666E-05;0;0;0;4.16666E-05;0;0;0;0;0;;;;;;;;;;;;;
"Verrucomicrobia;c__Verrucomicrobiae;f__Verrucomicrobiaceae;g__Akkermansia";0;0;0;0;0;0;0.000708333;0;0;0;0;0;0;0;0;;;;;;;;;;;;;
"Verrucomicrobia;c__Verrucomicrobiae;f__Verrucomicrobiaceae;g__Luteolibacter";0;0;0;0;0;0.000208333;0;0;0;0;0;0;0;0;0;;;;;;;;;;;;;
"Verrucomicrobia;c__Verrucomicrobiae;f__Verrucomicrobiasubdivision3";0;0;0;0;0;0;0;0;0;0;0;0;0;0;4.16666E-05;;;;;;;;;;;;;
WPS-2;0;0;0;0;0;0.000125;0.000125;0;0;0;4.16666E-05;0;0;4.16666E-05;8.33334E-05;;;;;;;;;;;;;
